rq,track,condition,protocol,dataset,scenario,seed,method,metric,value
rq1,ours,loao/cicids2017/Z1/seed_101,loao,cicids2017,Z1,101,closed_backbone,delta_f1,0.0
rq1,ours,loao/cicids2017/Z1/seed_101,loao,cicids2017,Z1,101,closed_backbone,known_accuracy,0.9813748531139835
rq1,ours,loao/cicids2017/Z1/seed_101,loao,cicids2017,Z1,101,closed_backbone,known_macro_f1,0.8812440995204643
rq1,ours,loao/cicids2017/Z1/seed_101,loao,cicids2017,Z1,101,closed_backbone,known_weighted_f1,0.979739771128564
rq1,ours,loao/cicids2017/Z1/seed_101,loao,cicids2017,Z1,101,hedl,aupr_out,0.9180758826418389
rq1,ours,loao/cicids2017/Z1/seed_101,loao,cicids2017,Z1,101,hedl,delta_f1,-0.02363156642166775
rq1,ours,loao/cicids2017/Z1/seed_101,loao,cicids2017,Z1,101,hedl,far,0.012162162162162163
rq1,ours,loao/cicids2017/Z1/seed_101,loao,cicids2017,Z1,101,hedl,fpr95,0.5515276145710928
rq1,ours,loao/cicids2017/Z1/seed_101,loao,cicids2017,Z1,101,hedl,frr,0.54668
rq1,ours,loao/cicids2017/Z1/seed_101,loao,cicids2017,Z1,101,hedl,known_accuracy,0.9682726204465335
rq1,ours,loao/cicids2017/Z1/seed_101,loao,cicids2017,Z1,101,hedl,known_macro_f1,0.8576125330987966
rq1,ours,loao/cicids2017/Z1/seed_101,loao,cicids2017,Z1,101,hedl,known_weighted_f1,0.966783753142017
rq1,ours,loao/cicids2017/Z1/seed_101,loao,cicids2017,Z1,101,hedl,open_world_macro_f1,0.7570938242229049
rq1,ours,loao/cicids2017/Z1/seed_101,loao,cicids2017,Z1,101,hedl,oscr,0.8618949847238544
rq1,ours,loao/cicids2017/Z1/seed_101,loao,cicids2017,Z1,101,hedl,scorer_density_reference_size,4096.0
rq1,ours,loao/cicids2017/Z1/seed_101,loao,cicids2017,Z1,101,hedl,scorer_density_selection_margin,0.2
rq1,ours,loao/cicids2017/Z1/seed_101,loao,cicids2017,Z1,101,hedl,scorer_proxy_density_auroc,0.8778070569038391
rq1,ours,loao/cicids2017/Z1/seed_101,loao,cicids2017,Z1,101,hedl,scorer_proxy_evidential_auroc,0.9854981422424316
rq1,ours,loao/cicids2017/Z1/seed_101,loao,cicids2017,Z1,101,hedl,tpr_at_0_1_fpr,0.0
rq1,ours,loao/cicids2017/Z1/seed_101,loao,cicids2017,Z1,101,hedl,tpr_at_1_fpr,0.44096
rq1,ours,loao/cicids2017/Z1/seed_101,loao,cicids2017,Z1,101,hedl,tpr_at_5_fpr,0.57768
rq1,ours,loao/cicids2017/Z1/seed_101,loao,cicids2017,Z1,101,hedl,unknown_auroc,0.8804101633372503
rq1,ours,loao/cicids2017/Z1/seed_101,loao,cicids2017,Z1,101,hedl,unknown_f1,0.6203065134099617
rq1,ours,loao/cicids2017/Z1/seed_101,loao,cicids2017,Z1,101,hedl,unknown_precision,0.9820623916811092
rq1,ours,loao/cicids2017/Z1/seed_101,loao,cicids2017,Z1,101,hedl,unknown_recall,0.45332
rq1,ours,loao/cicids2017/Z1/seed_13,loao,cicids2017,Z1,13,hedl,aupr_out,0.5173391713211406
rq1,ours,loao/cicids2017/Z1/seed_13,loao,cicids2017,Z1,13,hedl,far,0.024175824175824177
rq1,ours,loao/cicids2017/Z1/seed_13,loao,cicids2017,Z1,13,hedl,fpr95,0.42417582417582417
rq1,ours,loao/cicids2017/Z1/seed_13,loao,cicids2017,Z1,13,hedl,frr,0.5333333333333333
rq1,ours,loao/cicids2017/Z1/seed_13,loao,cicids2017,Z1,13,hedl,known_accuracy,0.4021978021978022
rq1,ours,loao/cicids2017/Z1/seed_13,loao,cicids2017,Z1,13,hedl,known_macro_f1,0.32759858385284507
rq1,ours,loao/cicids2017/Z1/seed_13,loao,cicids2017,Z1,13,hedl,known_weighted_f1,0.32911907755026226
rq1,ours,loao/cicids2017/Z1/seed_13,loao,cicids2017,Z1,13,hedl,open_world_macro_f1,0.3411741572782321
rq1,ours,loao/cicids2017/Z1/seed_13,loao,cicids2017,Z1,13,hedl,oscr,0.36656898656898657
rq1,ours,loao/cicids2017/Z1/seed_13,loao,cicids2017,Z1,13,hedl,scorer_density_reference_size,500.0
rq1,ours,loao/cicids2017/Z1/seed_13,loao,cicids2017,Z1,13,hedl,scorer_density_selection_margin,0.1
rq1,ours,loao/cicids2017/Z1/seed_13,loao,cicids2017,Z1,13,hedl,scorer_proxy_density_auroc,0.7430978
rq1,ours,loao/cicids2017/Z1/seed_13,loao,cicids2017,Z1,13,hedl,scorer_proxy_evidential_auroc,0.4994384
rq1,ours,loao/cicids2017/Z1/seed_13,loao,cicids2017,Z1,13,hedl,tpr_at_0_1_fpr,0.0
rq1,ours,loao/cicids2017/Z1/seed_13,loao,cicids2017,Z1,13,hedl,tpr_at_1_fpr,0.08888888888888889
rq1,ours,loao/cicids2017/Z1/seed_13,loao,cicids2017,Z1,13,hedl,tpr_at_5_fpr,0.5333333333333333
rq1,ours,loao/cicids2017/Z1/seed_13,loao,cicids2017,Z1,13,hedl,unknown_auroc,0.9030036630036631
rq1,ours,loao/cicids2017/Z1/seed_13,loao,cicids2017,Z1,13,hedl,unknown_f1,0.5454545454545454
rq1,ours,loao/cicids2017/Z1/seed_13,loao,cicids2017,Z1,13,hedl,unknown_precision,0.65625
rq1,ours,loao/cicids2017/Z1/seed_13,loao,cicids2017,Z1,13,hedl,unknown_recall,0.4666666666666667
rq1,ours,loao/cicids2017/Z1/seed_37,loao,cicids2017,Z1,37,closed_backbone,delta_f1,0.0
rq1,ours,loao/cicids2017/Z1/seed_37,loao,cicids2017,Z1,37,closed_backbone,known_accuracy,0.8877790834312573
rq1,ours,loao/cicids2017/Z1/seed_37,loao,cicids2017,Z1,37,closed_backbone,known_macro_f1,0.8329695020722924
rq1,ours,loao/cicids2017/Z1/seed_37,loao,cicids2017,Z1,37,closed_backbone,known_weighted_f1,0.883483034538676
rq1,ours,loao/cicids2017/Z1/seed_37,loao,cicids2017,Z1,37,hedl,aupr_out,0.9763830875262551
rq1,ours,loao/cicids2017/Z1/seed_37,loao,cicids2017,Z1,37,hedl,delta_f1,0.033345454421447984
rq1,ours,loao/cicids2017/Z1/seed_37,loao,cicids2017,Z1,37,hedl,far,0.01227967097532315
rq1,ours,loao/cicids2017/Z1/seed_37,loao,cicids2017,Z1,37,hedl,fpr95,0.10111633372502937
rq1,ours,loao/cicids2017/Z1/seed_37,loao,cicids2017,Z1,37,hedl,frr,0.4306
rq1,ours,loao/cicids2017/Z1/seed_37,loao,cicids2017,Z1,37,hedl,known_accuracy,0.9736780258519389
rq1,ours,loao/cicids2017/Z1/seed_37,loao,cicids2017,Z1,37,hedl,known_macro_f1,0.8663149564937404
rq1,ours,loao/cicids2017/Z1/seed_37,loao,cicids2017,Z1,37,hedl,known_weighted_f1,0.9722349177570616
rq1,ours,loao/cicids2017/Z1/seed_37,loao,cicids2017,Z1,37,hedl,open_world_macro_f1,0.7887720258565508
rq1,ours,loao/cicids2017/Z1/seed_37,loao,cicids2017,Z1,37,hedl,oscr,0.9546607344300823
rq1,ours,loao/cicids2017/Z1/seed_37,loao,cicids2017,Z1,37,hedl,scorer_density_reference_size,4096.0
rq1,ours,loao/cicids2017/Z1/seed_37,loao,cicids2017,Z1,37,hedl,scorer_density_selection_margin,0.2
rq1,ours,loao/cicids2017/Z1/seed_37,loao,cicids2017,Z1,37,hedl,scorer_proxy_density_auroc,0.8767516851425171
rq1,ours,loao/cicids2017/Z1/seed_37,loao,cicids2017,Z1,37,hedl,scorer_proxy_evidential_auroc,0.9855260848999023
rq1,ours,loao/cicids2017/Z1/seed_37,loao,cicids2017,Z1,37,hedl,tpr_at_0_1_fpr,0.0
rq1,ours,loao/cicids2017/Z1/seed_37,loao,cicids2017,Z1,37,hedl,tpr_at_1_fpr,0.51876
rq1,ours,loao/cicids2017/Z1/seed_37,loao,cicids2017,Z1,37,hedl,tpr_at_5_fpr,0.86704
rq1,ours,loao/cicids2017/Z1/seed_37,loao,cicids2017,Z1,37,hedl,unknown_auroc,0.9760342878965922
rq1,ours,loao/cicids2017/Z1/seed_37,loao,cicids2017,Z1,37,hedl,unknown_f1,0.7217827806510496
rq1,ours,loao/cicids2017/Z1/seed_37,loao,cicids2017,Z1,37,hedl,unknown_precision,0.9855303240099695
rq1,ours,loao/cicids2017/Z1/seed_37,loao,cicids2017,Z1,37,hedl,unknown_recall,0.5694
rq1,ours,loao/cicids2017/Z1/seed_73,loao,cicids2017,Z1,73,closed_backbone,delta_f1,0.0
rq1,ours,loao/cicids2017/Z1/seed_73,loao,cicids2017,Z1,73,closed_backbone,known_accuracy,0.982256169212691
rq1,ours,loao/cicids2017/Z1/seed_73,loao,cicids2017,Z1,73,closed_backbone,known_macro_f1,0.8836020888330917
rq1,ours,loao/cicids2017/Z1/seed_73,loao,cicids2017,Z1,73,closed_backbone,known_weighted_f1,0.9807050069490504
rq1,ours,loao/cicids2017/Z1/seed_73,loao,cicids2017,Z1,73,hedl,aupr_out,0.9088056446628069
rq1,ours,loao/cicids2017/Z1/seed_73,loao,cicids2017,Z1,73,hedl,delta_f1,-0.02235933566328696
rq1,ours,loao/cicids2017/Z1/seed_73,loao,cicids2017,Z1,73,hedl,far,0.013160987074030552
rq1,ours,loao/cicids2017/Z1/seed_73,loao,cicids2017,Z1,73,hedl,fpr95,0.5039952996474736
rq1,ours,loao/cicids2017/Z1/seed_73,loao,cicids2017,Z1,73,hedl,frr,0.71288
rq1,ours,loao/cicids2017/Z1/seed_73,loao,cicids2017,Z1,73,hedl,known_accuracy,0.9708578143360752
rq1,ours,loao/cicids2017/Z1/seed_73,loao,cicids2017,Z1,73,hedl,known_macro_f1,0.8612427531698047
rq1,ours,loao/cicids2017/Z1/seed_73,loao,cicids2017,Z1,73,hedl,known_weighted_f1,0.9694767635643656
rq1,ours,loao/cicids2017/Z1/seed_73,loao,cicids2017,Z1,73,hedl,open_world_macro_f1,0.7321526220431412
rq1,ours,loao/cicids2017/Z1/seed_73,loao,cicids2017,Z1,73,hedl,oscr,0.8647442338425381
rq1,ours,loao/cicids2017/Z1/seed_73,loao,cicids2017,Z1,73,hedl,scorer_density_reference_size,4096.0
rq1,ours,loao/cicids2017/Z1/seed_73,loao,cicids2017,Z1,73,hedl,scorer_density_selection_margin,0.2
rq1,ours,loao/cicids2017/Z1/seed_73,loao,cicids2017,Z1,73,hedl,scorer_proxy_density_auroc,0.8768682479858398
rq1,ours,loao/cicids2017/Z1/seed_73,loao,cicids2017,Z1,73,hedl,scorer_proxy_evidential_auroc,0.9858753442764281
rq1,ours,loao/cicids2017/Z1/seed_73,loao,cicids2017,Z1,73,hedl,tpr_at_0_1_fpr,0.0
rq1,ours,loao/cicids2017/Z1/seed_73,loao,cicids2017,Z1,73,hedl,tpr_at_1_fpr,0.26208
rq1,ours,loao/cicids2017/Z1/seed_73,loao,cicids2017,Z1,73,hedl,tpr_at_5_fpr,0.52296
rq1,ours,loao/cicids2017/Z1/seed_73,loao,cicids2017,Z1,73,hedl,unknown_auroc,0.8800839259694477
rq1,ours,loao/cicids2017/Z1/seed_73,loao,cicids2017,Z1,73,hedl,unknown_f1,0.4430590704277514
rq1,ours,loao/cicids2017/Z1/seed_73,loao,cicids2017,Z1,73,hedl,unknown_precision,0.9697379086733315
rq1,ours,loao/cicids2017/Z1/seed_73,loao,cicids2017,Z1,73,hedl,unknown_recall,0.28712
rq1,baselines,loao/cicids2017/Z1/seed_13,loao,cicids2017,Z1,13,closr,aupr_out,0.4062534134623758
rq1,baselines,loao/cicids2017/Z1/seed_13,loao,cicids2017,Z1,13,closr,far,0.02197802197802198
rq1,baselines,loao/cicids2017/Z1/seed_13,loao,cicids2017,Z1,13,closr,fpr95,0.5956043956043956
rq1,baselines,loao/cicids2017/Z1/seed_13,loao,cicids2017,Z1,13,closr,frr,0.6444444444444445
rq1,baselines,loao/cicids2017/Z1/seed_13,loao,cicids2017,Z1,13,closr,known_accuracy,0.6307692307692307
rq1,baselines,loao/cicids2017/Z1/seed_13,loao,cicids2017,Z1,13,closr,known_macro_f1,0.5822250030286733
rq1,baselines,loao/cicids2017/Z1/seed_13,loao,cicids2017,Z1,13,closr,known_weighted_f1,0.5813420547728827
rq1,baselines,loao/cicids2017/Z1/seed_13,loao,cicids2017,Z1,13,closr,open_world_macro_f1,0.556259064151812
rq1,baselines,loao/cicids2017/Z1/seed_13,loao,cicids2017,Z1,13,closr,oscr,0.5279120879120879
rq1,baselines,loao/cicids2017/Z1/seed_13,loao,cicids2017,Z1,13,closr,tpr_at_0_1_fpr,0.0
rq1,baselines,loao/cicids2017/Z1/seed_13,loao,cicids2017,Z1,13,closr,tpr_at_1_fpr,0.28888888888888886
rq1,baselines,loao/cicids2017/Z1/seed_13,loao,cicids2017,Z1,13,closr,tpr_at_5_fpr,0.35555555555555557
rq1,baselines,loao/cicids2017/Z1/seed_13,loao,cicids2017,Z1,13,closr,unknown_auroc,0.7894505494505494
rq1,baselines,loao/cicids2017/Z1/seed_13,loao,cicids2017,Z1,13,closr,unknown_f1,0.4507042253521127
rq1,baselines,loao/cicids2017/Z1/seed_13,loao,cicids2017,Z1,13,closr,unknown_precision,0.6153846153846154
rq1,baselines,loao/cicids2017/Z1/seed_13,loao,cicids2017,Z1,13,closr,unknown_recall,0.35555555555555557
rq1,baselines,loao/cicids2017/Z1/seed_13,loao,cicids2017,Z1,13,efc,aupr_out,0.3644565379074199
rq1,baselines,loao/cicids2017/Z1/seed_13,loao,cicids2017,Z1,13,efc,far,0.004395604395604396
rq1,baselines,loao/cicids2017/Z1/seed_13,loao,cicids2017,Z1,13,efc,fpr95,0.810989010989011
rq1,baselines,loao/cicids2017/Z1/seed_13,loao,cicids2017,Z1,13,efc,frr,0.9333333333333333
rq1,baselines,loao/cicids2017/Z1/seed_13,loao,cicids2017,Z1,13,efc,known_accuracy,0.756043956043956
rq1,baselines,loao/cicids2017/Z1/seed_13,loao,cicids2017,Z1,13,efc,known_macro_f1,0.7273036718893998
rq1,baselines,loao/cicids2017/Z1/seed_13,loao,cicids2017,Z1,13,efc,known_weighted_f1,0.7275580885502289
rq1,baselines,loao/cicids2017/Z1/seed_13,loao,cicids2017,Z1,13,efc,open_world_macro_f1,0.6567114729532406
rq1,baselines,loao/cicids2017/Z1/seed_13,loao,cicids2017,Z1,13,efc,oscr,0.49352869352869355
rq1,baselines,loao/cicids2017/Z1/seed_13,loao,cicids2017,Z1,13,efc,tpr_at_0_1_fpr,0.0
rq1,baselines,loao/cicids2017/Z1/seed_13,loao,cicids2017,Z1,13,efc,tpr_at_1_fpr,0.08888888888888889
rq1,baselines,loao/cicids2017/Z1/seed_13,loao,cicids2017,Z1,13,efc,tpr_at_5_fpr,0.5777777777777777
rq1,baselines,loao/cicids2017/Z1/seed_13,loao,cicids2017,Z1,13,efc,unknown_auroc,0.659023199023199
rq1,baselines,loao/cicids2017/Z1/seed_13,loao,cicids2017,Z1,13,efc,unknown_f1,0.12
rq1,baselines,loao/cicids2017/Z1/seed_13,loao,cicids2017,Z1,13,efc,unknown_precision,0.6
rq1,baselines,loao/cicids2017/Z1/seed_13,loao,cicids2017,Z1,13,efc,unknown_recall,0.06666666666666667
rq1,baselines,loao/cicids2017/Z1/seed_13,loao,cicids2017,Z1,13,renoir_dml,aupr_out,0.6042332721348495
rq1,baselines,loao/cicids2017/Z1/seed_13,loao,cicids2017,Z1,13,renoir_dml,far,0.02197802197802198
rq1,baselines,loao/cicids2017/Z1/seed_13,loao,cicids2017,Z1,13,renoir_dml,fpr95,0.5802197802197803
rq1,baselines,loao/cicids2017/Z1/seed_13,loao,cicids2017,Z1,13,renoir_dml,frr,0.4666666666666667
rq1,baselines,loao/cicids2017/Z1/seed_13,loao,cicids2017,Z1,13,renoir_dml,known_accuracy,0.654945054945055
rq1,baselines,loao/cicids2017/Z1/seed_13,loao,cicids2017,Z1,13,renoir_dml,known_macro_f1,0.6219907019196822
rq1,baselines,loao/cicids2017/Z1/seed_13,loao,cicids2017,Z1,13,renoir_dml,known_weighted_f1,0.6216781101453052
rq1,baselines,loao/cicids2017/Z1/seed_13,loao,cicids2017,Z1,13,renoir_dml,open_world_macro_f1,0.600999684209011
rq1,baselines,loao/cicids2017/Z1/seed_13,loao,cicids2017,Z1,13,renoir_dml,oscr,0.5926739926739927
rq1,baselines,loao/cicids2017/Z1/seed_13,loao,cicids2017,Z1,13,renoir_dml,tpr_at_0_1_fpr,0.0
rq1,baselines,loao/cicids2017/Z1/seed_13,loao,cicids2017,Z1,13,renoir_dml,tpr_at_1_fpr,0.4666666666666667
rq1,baselines,loao/cicids2017/Z1/seed_13,loao,cicids2017,Z1,13,renoir_dml,tpr_at_5_fpr,0.7111111111111111
rq1,baselines,loao/cicids2017/Z1/seed_13,loao,cicids2017,Z1,13,renoir_dml,unknown_auroc,0.8836630036630037
rq1,baselines,loao/cicids2017/Z1/seed_13,loao,cicids2017,Z1,13,renoir_dml,unknown_f1,0.6075949367088608
rq1,baselines,loao/cicids2017/Z1/seed_13,loao,cicids2017,Z1,13,renoir_dml,unknown_precision,0.7058823529411765
rq1,baselines,loao/cicids2017/Z1/seed_13,loao,cicids2017,Z1,13,renoir_dml,unknown_recall,0.5333333333333333
rq2,ours,cross_domain/leave_one_environment_out/nf_unsw_nb15_v3/seed_13,cross_domain,nf_ton_iot_v3,Z1,13,hedl,aupr_out,0.22889290803953474
rq2,ours,cross_domain/leave_one_environment_out/nf_unsw_nb15_v3/seed_13,cross_domain,nf_ton_iot_v3,Z1,13,hedl,far,0.0975
rq2,ours,cross_domain/leave_one_environment_out/nf_unsw_nb15_v3/seed_13,cross_domain,nf_ton_iot_v3,Z1,13,hedl,fpr95,0.99
rq2,ours,cross_domain/leave_one_environment_out/nf_unsw_nb15_v3/seed_13,cross_domain,nf_ton_iot_v3,Z1,13,hedl,frr,0.88
rq2,ours,cross_domain/leave_one_environment_out/nf_unsw_nb15_v3/seed_13,cross_domain,nf_ton_iot_v3,Z1,13,hedl,known_accuracy,0.0
rq2,ours,cross_domain/leave_one_environment_out/nf_unsw_nb15_v3/seed_13,cross_domain,nf_ton_iot_v3,Z1,13,hedl,known_macro_f1,0.0
rq2,ours,cross_domain/leave_one_environment_out/nf_unsw_nb15_v3/seed_13,cross_domain,nf_ton_iot_v3,Z1,13,hedl,known_weighted_f1,0.0
rq2,ours,cross_domain/leave_one_environment_out/nf_unsw_nb15_v3/seed_13,cross_domain,nf_ton_iot_v3,Z1,13,hedl,open_world_macro_f1,0.013245033112582781
rq2,ours,cross_domain/leave_one_environment_out/nf_unsw_nb15_v3/seed_13,cross_domain,nf_ton_iot_v3,Z1,13,hedl,oscr,0.0
rq2,ours,cross_domain/leave_one_environment_out/nf_unsw_nb15_v3/seed_13,cross_domain,nf_ton_iot_v3,Z1,13,hedl,scorer_density_reference_size,500.0
rq2,ours,cross_domain/leave_one_environment_out/nf_unsw_nb15_v3/seed_13,cross_domain,nf_ton_iot_v3,Z1,13,hedl,scorer_density_selection_margin,0.1
rq2,ours,cross_domain/leave_one_environment_out/nf_unsw_nb15_v3/seed_13,cross_domain,nf_ton_iot_v3,Z1,13,hedl,scorer_proxy_density_auroc,0.5592995833333334
rq2,ours,cross_domain/leave_one_environment_out/nf_unsw_nb15_v3/seed_13,cross_domain,nf_ton_iot_v3,Z1,13,hedl,scorer_proxy_evidential_auroc,0.49877416666666663
rq2,ours,cross_domain/leave_one_environment_out/nf_unsw_nb15_v3/seed_13,cross_domain,nf_ton_iot_v3,Z1,13,hedl,tpr_at_0_1_fpr,0.0
rq2,ours,cross_domain/leave_one_environment_out/nf_unsw_nb15_v3/seed_13,cross_domain,nf_ton_iot_v3,Z1,13,hedl,tpr_at_1_fpr,0.0
rq2,ours,cross_domain/leave_one_environment_out/nf_unsw_nb15_v3/seed_13,cross_domain,nf_ton_iot_v3,Z1,13,hedl,tpr_at_5_fpr,0.07
rq2,ours,cross_domain/leave_one_environment_out/nf_unsw_nb15_v3/seed_13,cross_domain,nf_ton_iot_v3,Z1,13,hedl,unknown_auroc,0.557875
rq2,ours,cross_domain/leave_one_environment_out/nf_unsw_nb15_v3/seed_13,cross_domain,nf_ton_iot_v3,Z1,13,hedl,unknown_f1,0.15894039735099338
rq2,ours,cross_domain/leave_one_environment_out/nf_unsw_nb15_v3/seed_13,cross_domain,nf_ton_iot_v3,Z1,13,hedl,unknown_precision,0.23529411764705882
rq2,ours,cross_domain/leave_one_environment_out/nf_unsw_nb15_v3/seed_13,cross_domain,nf_ton_iot_v3,Z1,13,hedl,unknown_recall,0.12
rq2,ours,cross_domain/source_target/nf_unsw_nb15_v3_to_nf_ton_iot_v3/seed_13,cross_domain,nf_unsw_nb15_v3,Z1,13,hedl,aupr_out,0.2214854669947121
rq2,ours,cross_domain/source_target/nf_unsw_nb15_v3_to_nf_ton_iot_v3/seed_13,cross_domain,nf_unsw_nb15_v3,Z1,13,hedl,far,0.04
rq2,ours,cross_domain/source_target/nf_unsw_nb15_v3_to_nf_ton_iot_v3/seed_13,cross_domain,nf_unsw_nb15_v3,Z1,13,hedl,fpr95,0.968
rq2,ours,cross_domain/source_target/nf_unsw_nb15_v3_to_nf_ton_iot_v3/seed_13,cross_domain,nf_unsw_nb15_v3,Z1,13,hedl,frr,0.968
rq2,ours,cross_domain/source_target/nf_unsw_nb15_v3_to_nf_ton_iot_v3/seed_13,cross_domain,nf_unsw_nb15_v3,Z1,13,hedl,known_accuracy,0.021333333333333333
rq2,ours,cross_domain/source_target/nf_unsw_nb15_v3_to_nf_ton_iot_v3/seed_13,cross_domain,nf_unsw_nb15_v3,Z1,13,hedl,known_macro_f1,0.012422360248447204
rq2,ours,cross_domain/source_target/nf_unsw_nb15_v3_to_nf_ton_iot_v3/seed_13,cross_domain,nf_unsw_nb15_v3,Z1,13,hedl,known_weighted_f1,0.028985507246376812
rq2,ours,cross_domain/source_target/nf_unsw_nb15_v3_to_nf_ton_iot_v3/seed_13,cross_domain,nf_unsw_nb15_v3,Z1,13,hedl,open_world_macro_f1,0.01637840670859539
rq2,ours,cross_domain/source_target/nf_unsw_nb15_v3_to_nf_ton_iot_v3/seed_13,cross_domain,nf_unsw_nb15_v3,Z1,13,hedl,oscr,0.013781333333333333
rq2,ours,cross_domain/source_target/nf_unsw_nb15_v3_to_nf_ton_iot_v3/seed_13,cross_domain,nf_unsw_nb15_v3,Z1,13,hedl,scorer_density_reference_size,500.0
rq2,ours,cross_domain/source_target/nf_unsw_nb15_v3_to_nf_ton_iot_v3/seed_13,cross_domain,nf_unsw_nb15_v3,Z1,13,hedl,scorer_density_selection_margin,0.1
rq2,ours,cross_domain/source_target/nf_unsw_nb15_v3_to_nf_ton_iot_v3/seed_13,cross_domain,nf_unsw_nb15_v3,Z1,13,hedl,scorer_proxy_density_auroc,0.6123611428571428
rq2,ours,cross_domain/source_target/nf_unsw_nb15_v3_to_nf_ton_iot_v3/seed_13,cross_domain,nf_unsw_nb15_v3,Z1,13,hedl,scorer_proxy_evidential_auroc,0.49957142857142856
rq2,ours,cross_domain/source_target/nf_unsw_nb15_v3_to_nf_ton_iot_v3/seed_13,cross_domain,nf_unsw_nb15_v3,Z1,13,hedl,tpr_at_0_1_fpr,0.0
rq2,ours,cross_domain/source_target/nf_unsw_nb15_v3_to_nf_ton_iot_v3/seed_13,cross_domain,nf_unsw_nb15_v3,Z1,13,hedl,tpr_at_1_fpr,0.0
rq2,ours,cross_domain/source_target/nf_unsw_nb15_v3_to_nf_ton_iot_v3/seed_13,cross_domain,nf_unsw_nb15_v3,Z1,13,hedl,tpr_at_5_fpr,0.04
rq2,ours,cross_domain/source_target/nf_unsw_nb15_v3_to_nf_ton_iot_v3/seed_13,cross_domain,nf_unsw_nb15_v3,Z1,13,hedl,unknown_auroc,0.45258666666666664
rq2,ours,cross_domain/source_target/nf_unsw_nb15_v3_to_nf_ton_iot_v3/seed_13,cross_domain,nf_unsw_nb15_v3,Z1,13,hedl,unknown_f1,0.05555555555555555
rq2,ours,cross_domain/source_target/nf_unsw_nb15_v3_to_nf_ton_iot_v3/seed_13,cross_domain,nf_unsw_nb15_v3,Z1,13,hedl,unknown_precision,0.21052631578947367
rq2,ours,cross_domain/source_target/nf_unsw_nb15_v3_to_nf_ton_iot_v3/seed_13,cross_domain,nf_unsw_nb15_v3,Z1,13,hedl,unknown_recall,0.032
rq2,ours,difficulty/near_far/far/cicids2017/Z2/seed_13,difficulty,cicids2017,Z2,13,hedl,aupr_out,0.12612897543800758
rq2,ours,difficulty/near_far/far/cicids2017/Z2/seed_13,difficulty,cicids2017,Z2,13,hedl,far,0.02188183807439825
rq2,ours,difficulty/near_far/far/cicids2017/Z2/seed_13,difficulty,cicids2017,Z2,13,hedl,fpr95,0.5667396061269147
rq2,ours,difficulty/near_far/far/cicids2017/Z2/seed_13,difficulty,cicids2017,Z2,13,hedl,frr,1.0
rq2,ours,difficulty/near_far/far/cicids2017/Z2/seed_13,difficulty,cicids2017,Z2,13,hedl,known_accuracy,0.4048140043763676
rq2,ours,difficulty/near_far/far/cicids2017/Z2/seed_13,difficulty,cicids2017,Z2,13,hedl,known_macro_f1,0.3351516898701703
rq2,ours,difficulty/near_far/far/cicids2017/Z2/seed_13,difficulty,cicids2017,Z2,13,hedl,known_weighted_f1,0.3360489554597917
rq2,ours,difficulty/near_far/far/cicids2017/Z2/seed_13,difficulty,cicids2017,Z2,13,hedl,open_world_macro_f1,0.29979207058207297
rq2,ours,difficulty/near_far/far/cicids2017/Z2/seed_13,difficulty,cicids2017,Z2,13,hedl,oscr,0.25904534120401
rq2,ours,difficulty/near_far/far/cicids2017/Z2/seed_13,difficulty,cicids2017,Z2,13,hedl,scorer_density_reference_size,500.0
rq2,ours,difficulty/near_far/far/cicids2017/Z2/seed_13,difficulty,cicids2017,Z2,13,hedl,scorer_density_selection_margin,0.1
rq2,ours,difficulty/near_far/far/cicids2017/Z2/seed_13,difficulty,cicids2017,Z2,13,hedl,scorer_proxy_density_auroc,0.751487
rq2,ours,difficulty/near_far/far/cicids2017/Z2/seed_13,difficulty,cicids2017,Z2,13,hedl,scorer_proxy_evidential_auroc,0.49992819999999993
rq2,ours,difficulty/near_far/far/cicids2017/Z2/seed_13,difficulty,cicids2017,Z2,13,hedl,tpr_at_0_1_fpr,0.0
rq2,ours,difficulty/near_far/far/cicids2017/Z2/seed_13,difficulty,cicids2017,Z2,13,hedl,tpr_at_1_fpr,0.0
rq2,ours,difficulty/near_far/far/cicids2017/Z2/seed_13,difficulty,cicids2017,Z2,13,hedl,tpr_at_5_fpr,0.0
rq2,ours,difficulty/near_far/far/cicids2017/Z2/seed_13,difficulty,cicids2017,Z2,13,hedl,unknown_auroc,0.6397129917052566
rq2,ours,difficulty/near_far/far/cicids2017/Z2/seed_13,difficulty,cicids2017,Z2,13,hedl,unknown_f1,0.0
rq2,ours,difficulty/near_far/far/cicids2017/Z2/seed_13,difficulty,cicids2017,Z2,13,hedl,unknown_precision,0.0
rq2,ours,difficulty/near_far/far/cicids2017/Z2/seed_13,difficulty,cicids2017,Z2,13,hedl,unknown_recall,0.0
rq2,ours,difficulty/near_far/near/cicids2017/Z1/seed_13,difficulty,cicids2017,Z1,13,hedl,aupr_out,0.5173391713211406
rq2,ours,difficulty/near_far/near/cicids2017/Z1/seed_13,difficulty,cicids2017,Z1,13,hedl,far,0.024175824175824177
rq2,ours,difficulty/near_far/near/cicids2017/Z1/seed_13,difficulty,cicids2017,Z1,13,hedl,fpr95,0.42417582417582417
rq2,ours,difficulty/near_far/near/cicids2017/Z1/seed_13,difficulty,cicids2017,Z1,13,hedl,frr,0.5333333333333333
rq2,ours,difficulty/near_far/near/cicids2017/Z1/seed_13,difficulty,cicids2017,Z1,13,hedl,known_accuracy,0.4021978021978022
rq2,ours,difficulty/near_far/near/cicids2017/Z1/seed_13,difficulty,cicids2017,Z1,13,hedl,known_macro_f1,0.32759858385284507
rq2,ours,difficulty/near_far/near/cicids2017/Z1/seed_13,difficulty,cicids2017,Z1,13,hedl,known_weighted_f1,0.32911907755026226
rq2,ours,difficulty/near_far/near/cicids2017/Z1/seed_13,difficulty,cicids2017,Z1,13,hedl,open_world_macro_f1,0.3411741572782321
rq2,ours,difficulty/near_far/near/cicids2017/Z1/seed_13,difficulty,cicids2017,Z1,13,hedl,oscr,0.36656898656898657
rq2,ours,difficulty/near_far/near/cicids2017/Z1/seed_13,difficulty,cicids2017,Z1,13,hedl,scorer_density_reference_size,500.0
rq2,ours,difficulty/near_far/near/cicids2017/Z1/seed_13,difficulty,cicids2017,Z1,13,hedl,scorer_density_selection_margin,0.1
rq2,ours,difficulty/near_far/near/cicids2017/Z1/seed_13,difficulty,cicids2017,Z1,13,hedl,scorer_proxy_density_auroc,0.7430978
rq2,ours,difficulty/near_far/near/cicids2017/Z1/seed_13,difficulty,cicids2017,Z1,13,hedl,scorer_proxy_evidential_auroc,0.4994384
rq2,ours,difficulty/near_far/near/cicids2017/Z1/seed_13,difficulty,cicids2017,Z1,13,hedl,tpr_at_0_1_fpr,0.0
rq2,ours,difficulty/near_far/near/cicids2017/Z1/seed_13,difficulty,cicids2017,Z1,13,hedl,tpr_at_1_fpr,0.08888888888888889
rq2,ours,difficulty/near_far/near/cicids2017/Z1/seed_13,difficulty,cicids2017,Z1,13,hedl,tpr_at_5_fpr,0.5333333333333333
rq2,ours,difficulty/near_far/near/cicids2017/Z1/seed_13,difficulty,cicids2017,Z1,13,hedl,unknown_auroc,0.9030036630036631
rq2,ours,difficulty/near_far/near/cicids2017/Z1/seed_13,difficulty,cicids2017,Z1,13,hedl,unknown_f1,0.5454545454545454
rq2,ours,difficulty/near_far/near/cicids2017/Z1/seed_13,difficulty,cicids2017,Z1,13,hedl,unknown_precision,0.65625
rq2,ours,difficulty/near_far/near/cicids2017/Z1/seed_13,difficulty,cicids2017,Z1,13,hedl,unknown_recall,0.4666666666666667
rq2,ours,difficulty/openness/cicids2017/O1/seed_13,difficulty,cicids2017,Z1,13,hedl,aupr_out,0.5173391713211406
rq2,ours,difficulty/openness/cicids2017/O1/seed_13,difficulty,cicids2017,Z1,13,hedl,far,0.024175824175824177
rq2,ours,difficulty/openness/cicids2017/O1/seed_13,difficulty,cicids2017,Z1,13,hedl,fpr95,0.42417582417582417
rq2,ours,difficulty/openness/cicids2017/O1/seed_13,difficulty,cicids2017,Z1,13,hedl,frr,0.5333333333333333
rq2,ours,difficulty/openness/cicids2017/O1/seed_13,difficulty,cicids2017,Z1,13,hedl,known_accuracy,0.4021978021978022
rq2,ours,difficulty/openness/cicids2017/O1/seed_13,difficulty,cicids2017,Z1,13,hedl,known_macro_f1,0.32759858385284507
rq2,ours,difficulty/openness/cicids2017/O1/seed_13,difficulty,cicids2017,Z1,13,hedl,known_weighted_f1,0.32911907755026226
rq2,ours,difficulty/openness/cicids2017/O1/seed_13,difficulty,cicids2017,Z1,13,hedl,open_world_macro_f1,0.3411741572782321
rq2,ours,difficulty/openness/cicids2017/O1/seed_13,difficulty,cicids2017,Z1,13,hedl,oscr,0.36656898656898657
rq2,ours,difficulty/openness/cicids2017/O1/seed_13,difficulty,cicids2017,Z1,13,hedl,scorer_density_reference_size,500.0
rq2,ours,difficulty/openness/cicids2017/O1/seed_13,difficulty,cicids2017,Z1,13,hedl,scorer_density_selection_margin,0.1
rq2,ours,difficulty/openness/cicids2017/O1/seed_13,difficulty,cicids2017,Z1,13,hedl,scorer_proxy_density_auroc,0.7430978
rq2,ours,difficulty/openness/cicids2017/O1/seed_13,difficulty,cicids2017,Z1,13,hedl,scorer_proxy_evidential_auroc,0.4994384
rq2,ours,difficulty/openness/cicids2017/O1/seed_13,difficulty,cicids2017,Z1,13,hedl,tpr_at_0_1_fpr,0.0
rq2,ours,difficulty/openness/cicids2017/O1/seed_13,difficulty,cicids2017,Z1,13,hedl,tpr_at_1_fpr,0.08888888888888889
rq2,ours,difficulty/openness/cicids2017/O1/seed_13,difficulty,cicids2017,Z1,13,hedl,tpr_at_5_fpr,0.5333333333333333
rq2,ours,difficulty/openness/cicids2017/O1/seed_13,difficulty,cicids2017,Z1,13,hedl,unknown_auroc,0.9030036630036631
rq2,ours,difficulty/openness/cicids2017/O1/seed_13,difficulty,cicids2017,Z1,13,hedl,unknown_f1,0.5454545454545454
rq2,ours,difficulty/openness/cicids2017/O1/seed_13,difficulty,cicids2017,Z1,13,hedl,unknown_precision,0.65625
rq2,ours,difficulty/openness/cicids2017/O1/seed_13,difficulty,cicids2017,Z1,13,hedl,unknown_recall,0.4666666666666667
rq2,baselines,cross_domain/leave_one_environment_out/nf_unsw_nb15_v3/seed_13,cross_domain,nf_ton_iot_v3,Z1,13,closr,aupr_out,0.2288502997042793
rq2,baselines,cross_domain/leave_one_environment_out/nf_unsw_nb15_v3/seed_13,cross_domain,nf_ton_iot_v3,Z1,13,closr,far,0.0
rq2,baselines,cross_domain/leave_one_environment_out/nf_unsw_nb15_v3/seed_13,cross_domain,nf_ton_iot_v3,Z1,13,closr,fpr95,0.9675
rq2,baselines,cross_domain/leave_one_environment_out/nf_unsw_nb15_v3/seed_13,cross_domain,nf_ton_iot_v3,Z1,13,closr,frr,1.0
rq2,baselines,cross_domain/leave_one_environment_out/nf_unsw_nb15_v3/seed_13,cross_domain,nf_ton_iot_v3,Z1,13,closr,known_accuracy,0.1925
rq2,baselines,cross_domain/leave_one_environment_out/nf_unsw_nb15_v3/seed_13,cross_domain,nf_ton_iot_v3,Z1,13,closr,known_macro_f1,0.035405428811797895
rq2,baselines,cross_domain/leave_one_environment_out/nf_unsw_nb15_v3/seed_13,cross_domain,nf_ton_iot_v3,Z1,13,closr,known_weighted_f1,0.14162171524719155
rq2,baselines,cross_domain/leave_one_environment_out/nf_unsw_nb15_v3/seed_13,cross_domain,nf_ton_iot_v3,Z1,13,closr,open_world_macro_f1,0.029331088428215652
rq2,baselines,cross_domain/leave_one_environment_out/nf_unsw_nb15_v3/seed_13,cross_domain,nf_ton_iot_v3,Z1,13,closr,oscr,0.102675
rq2,baselines,cross_domain/leave_one_environment_out/nf_unsw_nb15_v3/seed_13,cross_domain,nf_ton_iot_v3,Z1,13,closr,tpr_at_0_1_fpr,0.0
rq2,baselines,cross_domain/leave_one_environment_out/nf_unsw_nb15_v3/seed_13,cross_domain,nf_ton_iot_v3,Z1,13,closr,tpr_at_1_fpr,0.02
rq2,baselines,cross_domain/leave_one_environment_out/nf_unsw_nb15_v3/seed_13,cross_domain,nf_ton_iot_v3,Z1,13,closr,tpr_at_5_fpr,0.08
rq2,baselines,cross_domain/leave_one_environment_out/nf_unsw_nb15_v3/seed_13,cross_domain,nf_ton_iot_v3,Z1,13,closr,unknown_auroc,0.5412
rq2,baselines,cross_domain/leave_one_environment_out/nf_unsw_nb15_v3/seed_13,cross_domain,nf_ton_iot_v3,Z1,13,closr,unknown_f1,0.0
rq2,baselines,cross_domain/leave_one_environment_out/nf_unsw_nb15_v3/seed_13,cross_domain,nf_ton_iot_v3,Z1,13,closr,unknown_precision,0.0
rq2,baselines,cross_domain/leave_one_environment_out/nf_unsw_nb15_v3/seed_13,cross_domain,nf_ton_iot_v3,Z1,13,closr,unknown_recall,0.0
rq2,baselines,cross_domain/leave_one_environment_out/nf_unsw_nb15_v3/seed_13,cross_domain,nf_ton_iot_v3,Z1,13,efc,aupr_out,0.19604014252355814
rq2,baselines,cross_domain/leave_one_environment_out/nf_unsw_nb15_v3/seed_13,cross_domain,nf_ton_iot_v3,Z1,13,efc,far,0.0875
rq2,baselines,cross_domain/leave_one_environment_out/nf_unsw_nb15_v3/seed_13,cross_domain,nf_ton_iot_v3,Z1,13,efc,fpr95,0.9525
rq2,baselines,cross_domain/leave_one_environment_out/nf_unsw_nb15_v3/seed_13,cross_domain,nf_ton_iot_v3,Z1,13,efc,frr,0.94
rq2,baselines,cross_domain/leave_one_environment_out/nf_unsw_nb15_v3/seed_13,cross_domain,nf_ton_iot_v3,Z1,13,efc,known_accuracy,0.07
rq2,baselines,cross_domain/leave_one_environment_out/nf_unsw_nb15_v3/seed_13,cross_domain,nf_ton_iot_v3,Z1,13,efc,known_macro_f1,0.016195609945609944
rq2,baselines,cross_domain/leave_one_environment_out/nf_unsw_nb15_v3/seed_13,cross_domain,nf_ton_iot_v3,Z1,13,efc,known_weighted_f1,0.08097804972804973
rq2,baselines,cross_domain/leave_one_environment_out/nf_unsw_nb15_v3/seed_13,cross_domain,nf_ton_iot_v3,Z1,13,efc,open_world_macro_f1,0.01900617825546538
rq2,baselines,cross_domain/leave_one_environment_out/nf_unsw_nb15_v3/seed_13,cross_domain,nf_ton_iot_v3,Z1,13,efc,oscr,0.035487500000000005
rq2,baselines,cross_domain/leave_one_environment_out/nf_unsw_nb15_v3/seed_13,cross_domain,nf_ton_iot_v3,Z1,13,efc,tpr_at_0_1_fpr,0.0
rq2,baselines,cross_domain/leave_one_environment_out/nf_unsw_nb15_v3/seed_13,cross_domain,nf_ton_iot_v3,Z1,13,efc,tpr_at_1_fpr,0.0
rq2,baselines,cross_domain/leave_one_environment_out/nf_unsw_nb15_v3/seed_13,cross_domain,nf_ton_iot_v3,Z1,13,efc,tpr_at_5_fpr,0.02
rq2,baselines,cross_domain/leave_one_environment_out/nf_unsw_nb15_v3/seed_13,cross_domain,nf_ton_iot_v3,Z1,13,efc,unknown_auroc,0.4956625
rq2,baselines,cross_domain/leave_one_environment_out/nf_unsw_nb15_v3/seed_13,cross_domain,nf_ton_iot_v3,Z1,13,efc,unknown_f1,0.0851063829787234
rq2,baselines,cross_domain/leave_one_environment_out/nf_unsw_nb15_v3/seed_13,cross_domain,nf_ton_iot_v3,Z1,13,efc,unknown_precision,0.14634146341463414
rq2,baselines,cross_domain/leave_one_environment_out/nf_unsw_nb15_v3/seed_13,cross_domain,nf_ton_iot_v3,Z1,13,efc,unknown_recall,0.06
rq2,baselines,cross_domain/leave_one_environment_out/nf_unsw_nb15_v3/seed_13,cross_domain,nf_ton_iot_v3,Z1,13,renoir_dml,aupr_out,0.2325986405074904
rq2,baselines,cross_domain/leave_one_environment_out/nf_unsw_nb15_v3/seed_13,cross_domain,nf_ton_iot_v3,Z1,13,renoir_dml,far,0.0625
rq2,baselines,cross_domain/leave_one_environment_out/nf_unsw_nb15_v3/seed_13,cross_domain,nf_ton_iot_v3,Z1,13,renoir_dml,fpr95,0.97
rq2,baselines,cross_domain/leave_one_environment_out/nf_unsw_nb15_v3/seed_13,cross_domain,nf_ton_iot_v3,Z1,13,renoir_dml,frr,0.9
rq2,baselines,cross_domain/leave_one_environment_out/nf_unsw_nb15_v3/seed_13,cross_domain,nf_ton_iot_v3,Z1,13,renoir_dml,known_accuracy,0.1725
rq2,baselines,cross_domain/leave_one_environment_out/nf_unsw_nb15_v3/seed_13,cross_domain,nf_ton_iot_v3,Z1,13,renoir_dml,known_macro_f1,0.027336448598130843
rq2,baselines,cross_domain/leave_one_environment_out/nf_unsw_nb15_v3/seed_13,cross_domain,nf_ton_iot_v3,Z1,13,renoir_dml,known_weighted_f1,0.10934579439252337
rq2,baselines,cross_domain/leave_one_environment_out/nf_unsw_nb15_v3/seed_13,cross_domain,nf_ton_iot_v3,Z1,13,renoir_dml,open_world_macro_f1,0.030899218119283808
rq2,baselines,cross_domain/leave_one_environment_out/nf_unsw_nb15_v3/seed_13,cross_domain,nf_ton_iot_v3,Z1,13,renoir_dml,oscr,0.0975375
rq2,baselines,cross_domain/leave_one_environment_out/nf_unsw_nb15_v3/seed_13,cross_domain,nf_ton_iot_v3,Z1,13,renoir_dml,tpr_at_0_1_fpr,0.0
rq2,baselines,cross_domain/leave_one_environment_out/nf_unsw_nb15_v3/seed_13,cross_domain,nf_ton_iot_v3,Z1,13,renoir_dml,tpr_at_1_fpr,0.04
rq2,baselines,cross_domain/leave_one_environment_out/nf_unsw_nb15_v3/seed_13,cross_domain,nf_ton_iot_v3,Z1,13,renoir_dml,tpr_at_5_fpr,0.06
rq2,baselines,cross_domain/leave_one_environment_out/nf_unsw_nb15_v3/seed_13,cross_domain,nf_ton_iot_v3,Z1,13,renoir_dml,unknown_auroc,0.5321625
rq2,baselines,cross_domain/leave_one_environment_out/nf_unsw_nb15_v3/seed_13,cross_domain,nf_ton_iot_v3,Z1,13,renoir_dml,unknown_f1,0.14814814814814814
rq2,baselines,cross_domain/leave_one_environment_out/nf_unsw_nb15_v3/seed_13,cross_domain,nf_ton_iot_v3,Z1,13,renoir_dml,unknown_precision,0.2857142857142857
rq2,baselines,cross_domain/leave_one_environment_out/nf_unsw_nb15_v3/seed_13,cross_domain,nf_ton_iot_v3,Z1,13,renoir_dml,unknown_recall,0.1
rq2,baselines,cross_domain/source_target/nf_unsw_nb15_v3_to_nf_ton_iot_v3/seed_13,cross_domain,nf_unsw_nb15_v3,Z1,13,closr,aupr_out,0.4195820424742499
rq2,baselines,cross_domain/source_target/nf_unsw_nb15_v3_to_nf_ton_iot_v3/seed_13,cross_domain,nf_unsw_nb15_v3,Z1,13,closr,far,0.0
rq2,baselines,cross_domain/source_target/nf_unsw_nb15_v3_to_nf_ton_iot_v3/seed_13,cross_domain,nf_unsw_nb15_v3,Z1,13,closr,fpr95,0.8613333333333333
rq2,baselines,cross_domain/source_target/nf_unsw_nb15_v3_to_nf_ton_iot_v3/seed_13,cross_domain,nf_unsw_nb15_v3,Z1,13,closr,frr,0.944
rq2,baselines,cross_domain/source_target/nf_unsw_nb15_v3_to_nf_ton_iot_v3/seed_13,cross_domain,nf_unsw_nb15_v3,Z1,13,closr,known_accuracy,0.016
rq2,baselines,cross_domain/source_target/nf_unsw_nb15_v3_to_nf_ton_iot_v3/seed_13,cross_domain,nf_unsw_nb15_v3,Z1,13,closr,known_macro_f1,0.007281553398058253
rq2,baselines,cross_domain/source_target/nf_unsw_nb15_v3_to_nf_ton_iot_v3/seed_13,cross_domain,nf_unsw_nb15_v3,Z1,13,closr,known_weighted_f1,0.01941747572815534
rq2,baselines,cross_domain/source_target/nf_unsw_nb15_v3_to_nf_ton_iot_v3/seed_13,cross_domain,nf_unsw_nb15_v3,Z1,13,closr,open_world_macro_f1,0.01734006734006734
rq2,baselines,cross_domain/source_target/nf_unsw_nb15_v3_to_nf_ton_iot_v3/seed_13,cross_domain,nf_unsw_nb15_v3,Z1,13,closr,oscr,0.007061333333333334
rq2,baselines,cross_domain/source_target/nf_unsw_nb15_v3_to_nf_ton_iot_v3/seed_13,cross_domain,nf_unsw_nb15_v3,Z1,13,closr,tpr_at_0_1_fpr,0.064
rq2,baselines,cross_domain/source_target/nf_unsw_nb15_v3_to_nf_ton_iot_v3/seed_13,cross_domain,nf_unsw_nb15_v3,Z1,13,closr,tpr_at_1_fpr,0.064
rq2,baselines,cross_domain/source_target/nf_unsw_nb15_v3_to_nf_ton_iot_v3/seed_13,cross_domain,nf_unsw_nb15_v3,Z1,13,closr,tpr_at_5_fpr,0.128
rq2,baselines,cross_domain/source_target/nf_unsw_nb15_v3_to_nf_ton_iot_v3/seed_13,cross_domain,nf_unsw_nb15_v3,Z1,13,closr,unknown_auroc,0.6653013333333333
rq2,baselines,cross_domain/source_target/nf_unsw_nb15_v3_to_nf_ton_iot_v3/seed_13,cross_domain,nf_unsw_nb15_v3,Z1,13,closr,unknown_f1,0.10606060606060606
rq2,baselines,cross_domain/source_target/nf_unsw_nb15_v3_to_nf_ton_iot_v3/seed_13,cross_domain,nf_unsw_nb15_v3,Z1,13,closr,unknown_precision,1.0
rq2,baselines,cross_domain/source_target/nf_unsw_nb15_v3_to_nf_ton_iot_v3/seed_13,cross_domain,nf_unsw_nb15_v3,Z1,13,closr,unknown_recall,0.056
rq2,baselines,cross_domain/source_target/nf_unsw_nb15_v3_to_nf_ton_iot_v3/seed_13,cross_domain,nf_unsw_nb15_v3,Z1,13,efc,aupr_out,0.44747600369375495
rq2,baselines,cross_domain/source_target/nf_unsw_nb15_v3_to_nf_ton_iot_v3/seed_13,cross_domain,nf_unsw_nb15_v3,Z1,13,efc,far,0.0
rq2,baselines,cross_domain/source_target/nf_unsw_nb15_v3_to_nf_ton_iot_v3/seed_13,cross_domain,nf_unsw_nb15_v3,Z1,13,efc,fpr95,0.9386666666666666
rq2,baselines,cross_domain/source_target/nf_unsw_nb15_v3_to_nf_ton_iot_v3/seed_13,cross_domain,nf_unsw_nb15_v3,Z1,13,efc,frr,1.0
rq2,baselines,cross_domain/source_target/nf_unsw_nb15_v3_to_nf_ton_iot_v3/seed_13,cross_domain,nf_unsw_nb15_v3,Z1,13,efc,known_accuracy,0.0
rq2,baselines,cross_domain/source_target/nf_unsw_nb15_v3_to_nf_ton_iot_v3/seed_13,cross_domain,nf_unsw_nb15_v3,Z1,13,efc,known_macro_f1,0.0
rq2,baselines,cross_domain/source_target/nf_unsw_nb15_v3_to_nf_ton_iot_v3/seed_13,cross_domain,nf_unsw_nb15_v3,Z1,13,efc,known_weighted_f1,0.0
rq2,baselines,cross_domain/source_target/nf_unsw_nb15_v3_to_nf_ton_iot_v3/seed_13,cross_domain,nf_unsw_nb15_v3,Z1,13,efc,open_world_macro_f1,0.0
rq2,baselines,cross_domain/source_target/nf_unsw_nb15_v3_to_nf_ton_iot_v3/seed_13,cross_domain,nf_unsw_nb15_v3,Z1,13,efc,oscr,0.0
rq2,baselines,cross_domain/source_target/nf_unsw_nb15_v3_to_nf_ton_iot_v3/seed_13,cross_domain,nf_unsw_nb15_v3,Z1,13,efc,tpr_at_0_1_fpr,0.008
rq2,baselines,cross_domain/source_target/nf_unsw_nb15_v3_to_nf_ton_iot_v3/seed_13,cross_domain,nf_unsw_nb15_v3,Z1,13,efc,tpr_at_1_fpr,0.184
rq2,baselines,cross_domain/source_target/nf_unsw_nb15_v3_to_nf_ton_iot_v3/seed_13,cross_domain,nf_unsw_nb15_v3,Z1,13,efc,tpr_at_5_fpr,0.312
rq2,baselines,cross_domain/source_target/nf_unsw_nb15_v3_to_nf_ton_iot_v3/seed_13,cross_domain,nf_unsw_nb15_v3,Z1,13,efc,unknown_auroc,0.59328
rq2,baselines,cross_domain/source_target/nf_unsw_nb15_v3_to_nf_ton_iot_v3/seed_13,cross_domain,nf_unsw_nb15_v3,Z1,13,efc,unknown_f1,0.0
rq2,baselines,cross_domain/source_target/nf_unsw_nb15_v3_to_nf_ton_iot_v3/seed_13,cross_domain,nf_unsw_nb15_v3,Z1,13,efc,unknown_precision,0.0
rq2,baselines,cross_domain/source_target/nf_unsw_nb15_v3_to_nf_ton_iot_v3/seed_13,cross_domain,nf_unsw_nb15_v3,Z1,13,efc,unknown_recall,0.0
rq2,baselines,cross_domain/source_target/nf_unsw_nb15_v3_to_nf_ton_iot_v3/seed_13,cross_domain,nf_unsw_nb15_v3,Z1,13,renoir_dml,aupr_out,0.31096443885342767
rq2,baselines,cross_domain/source_target/nf_unsw_nb15_v3_to_nf_ton_iot_v3/seed_13,cross_domain,nf_unsw_nb15_v3,Z1,13,renoir_dml,far,0.0026666666666666666
rq2,baselines,cross_domain/source_target/nf_unsw_nb15_v3_to_nf_ton_iot_v3/seed_13,cross_domain,nf_unsw_nb15_v3,Z1,13,renoir_dml,fpr95,0.9226666666666666
rq2,baselines,cross_domain/source_target/nf_unsw_nb15_v3_to_nf_ton_iot_v3/seed_13,cross_domain,nf_unsw_nb15_v3,Z1,13,renoir_dml,frr,0.984
rq2,baselines,cross_domain/source_target/nf_unsw_nb15_v3_to_nf_ton_iot_v3/seed_13,cross_domain,nf_unsw_nb15_v3,Z1,13,renoir_dml,known_accuracy,0.12533333333333332
rq2,baselines,cross_domain/source_target/nf_unsw_nb15_v3_to_nf_ton_iot_v3/seed_13,cross_domain,nf_unsw_nb15_v3,Z1,13,renoir_dml,known_macro_f1,0.061324730145712915
rq2,baselines,cross_domain/source_target/nf_unsw_nb15_v3_to_nf_ton_iot_v3/seed_13,cross_domain,nf_unsw_nb15_v3,Z1,13,renoir_dml,known_weighted_f1,0.1635326137219011
rq2,baselines,cross_domain/source_target/nf_unsw_nb15_v3_to_nf_ton_iot_v3/seed_13,cross_domain,nf_unsw_nb15_v3,Z1,13,renoir_dml,open_world_macro_f1,0.051615843729587385
rq2,baselines,cross_domain/source_target/nf_unsw_nb15_v3_to_nf_ton_iot_v3/seed_13,cross_domain,nf_unsw_nb15_v3,Z1,13,renoir_dml,oscr,0.019648
rq2,baselines,cross_domain/source_target/nf_unsw_nb15_v3_to_nf_ton_iot_v3/seed_13,cross_domain,nf_unsw_nb15_v3,Z1,13,renoir_dml,tpr_at_0_1_fpr,0.008
rq2,baselines,cross_domain/source_target/nf_unsw_nb15_v3_to_nf_ton_iot_v3/seed_13,cross_domain,nf_unsw_nb15_v3,Z1,13,renoir_dml,tpr_at_1_fpr,0.024
rq2,baselines,cross_domain/source_target/nf_unsw_nb15_v3_to_nf_ton_iot_v3/seed_13,cross_domain,nf_unsw_nb15_v3,Z1,13,renoir_dml,tpr_at_5_fpr,0.04
rq2,baselines,cross_domain/source_target/nf_unsw_nb15_v3_to_nf_ton_iot_v3/seed_13,cross_domain,nf_unsw_nb15_v3,Z1,13,renoir_dml,unknown_auroc,0.5997013333333333
rq2,baselines,cross_domain/source_target/nf_unsw_nb15_v3_to_nf_ton_iot_v3/seed_13,cross_domain,nf_unsw_nb15_v3,Z1,13,renoir_dml,unknown_f1,0.03125
rq2,baselines,cross_domain/source_target/nf_unsw_nb15_v3_to_nf_ton_iot_v3/seed_13,cross_domain,nf_unsw_nb15_v3,Z1,13,renoir_dml,unknown_precision,0.6666666666666666
rq2,baselines,cross_domain/source_target/nf_unsw_nb15_v3_to_nf_ton_iot_v3/seed_13,cross_domain,nf_unsw_nb15_v3,Z1,13,renoir_dml,unknown_recall,0.016
rq2,baselines,difficulty/near_far/far/cicids2017/Z2/seed_13,difficulty,cicids2017,Z2,13,closr,aupr_out,0.14891126456549106
rq2,baselines,difficulty/near_far/far/cicids2017/Z2/seed_13,difficulty,cicids2017,Z2,13,closr,far,0.010940919037199124
rq2,baselines,difficulty/near_far/far/cicids2017/Z2/seed_13,difficulty,cicids2017,Z2,13,closr,fpr95,0.33916849015317285
rq2,baselines,difficulty/near_far/far/cicids2017/Z2/seed_13,difficulty,cicids2017,Z2,13,closr,frr,1.0
rq2,baselines,difficulty/near_far/far/cicids2017/Z2/seed_13,difficulty,cicids2017,Z2,13,closr,known_accuracy,0.6520787746170679
rq2,baselines,difficulty/near_far/far/cicids2017/Z2/seed_13,difficulty,cicids2017,Z2,13,closr,known_macro_f1,0.6005749184391295
rq2,baselines,difficulty/near_far/far/cicids2017/Z2/seed_13,difficulty,cicids2017,Z2,13,closr,known_weighted_f1,0.600671566311873
rq2,baselines,difficulty/near_far/far/cicids2017/Z2/seed_13,difficulty,cicids2017,Z2,13,closr,open_world_macro_f1,0.5260072966701683
rq2,baselines,difficulty/near_far/far/cicids2017/Z2/seed_13,difficulty,cicids2017,Z2,13,closr,oscr,0.5007378759350669
rq2,baselines,difficulty/near_far/far/cicids2017/Z2/seed_13,difficulty,cicids2017,Z2,13,closr,tpr_at_0_1_fpr,0.0
rq2,baselines,difficulty/near_far/far/cicids2017/Z2/seed_13,difficulty,cicids2017,Z2,13,closr,tpr_at_1_fpr,0.0
rq2,baselines,difficulty/near_far/far/cicids2017/Z2/seed_13,difficulty,cicids2017,Z2,13,closr,tpr_at_5_fpr,0.0
rq2,baselines,difficulty/near_far/far/cicids2017/Z2/seed_13,difficulty,cicids2017,Z2,13,closr,unknown_auroc,0.7513103658846878
rq2,baselines,difficulty/near_far/far/cicids2017/Z2/seed_13,difficulty,cicids2017,Z2,13,closr,unknown_f1,0.0
rq2,baselines,difficulty/near_far/far/cicids2017/Z2/seed_13,difficulty,cicids2017,Z2,13,closr,unknown_precision,0.0
rq2,baselines,difficulty/near_far/far/cicids2017/Z2/seed_13,difficulty,cicids2017,Z2,13,closr,unknown_recall,0.0
rq2,baselines,difficulty/near_far/far/cicids2017/Z2/seed_13,difficulty,cicids2017,Z2,13,efc,aupr_out,0.4443574199802245
rq2,baselines,difficulty/near_far/far/cicids2017/Z2/seed_13,difficulty,cicids2017,Z2,13,efc,far,0.0175054704595186
rq2,baselines,difficulty/near_far/far/cicids2017/Z2/seed_13,difficulty,cicids2017,Z2,13,efc,fpr95,0.16849015317286653
rq2,baselines,difficulty/near_far/far/cicids2017/Z2/seed_13,difficulty,cicids2017,Z2,13,efc,frr,0.9767441860465116
rq2,baselines,difficulty/near_far/far/cicids2017/Z2/seed_13,difficulty,cicids2017,Z2,13,efc,known_accuracy,0.7549234135667396
rq2,baselines,difficulty/near_far/far/cicids2017/Z2/seed_13,difficulty,cicids2017,Z2,13,efc,known_macro_f1,0.7347562757934749
rq2,baselines,difficulty/near_far/far/cicids2017/Z2/seed_13,difficulty,cicids2017,Z2,13,efc,known_weighted_f1,0.7318106995003971
rq2,baselines,difficulty/near_far/far/cicids2017/Z2/seed_13,difficulty,cicids2017,Z2,13,efc,open_world_macro_f1,0.6571910698085022
rq2,baselines,difficulty/near_far/far/cicids2017/Z2/seed_13,difficulty,cicids2017,Z2,13,efc,oscr,0.737061727138568
rq2,baselines,difficulty/near_far/far/cicids2017/Z2/seed_13,difficulty,cicids2017,Z2,13,efc,tpr_at_0_1_fpr,0.0
rq2,baselines,difficulty/near_far/far/cicids2017/Z2/seed_13,difficulty,cicids2017,Z2,13,efc,tpr_at_1_fpr,0.0
rq2,baselines,difficulty/near_far/far/cicids2017/Z2/seed_13,difficulty,cicids2017,Z2,13,efc,tpr_at_5_fpr,0.4883720930232558
rq2,baselines,difficulty/near_far/far/cicids2017/Z2/seed_13,difficulty,cicids2017,Z2,13,efc,unknown_auroc,0.911760215765101
rq2,baselines,difficulty/near_far/far/cicids2017/Z2/seed_13,difficulty,cicids2017,Z2,13,efc,unknown_f1,0.038461538461538464
rq2,baselines,difficulty/near_far/far/cicids2017/Z2/seed_13,difficulty,cicids2017,Z2,13,efc,unknown_precision,0.1111111111111111
rq2,baselines,difficulty/near_far/far/cicids2017/Z2/seed_13,difficulty,cicids2017,Z2,13,efc,unknown_recall,0.023255813953488372
rq2,baselines,difficulty/near_far/far/cicids2017/Z2/seed_13,difficulty,cicids2017,Z2,13,renoir_dml,aupr_out,0.2964635841117822
rq2,baselines,difficulty/near_far/far/cicids2017/Z2/seed_13,difficulty,cicids2017,Z2,13,renoir_dml,far,0.01312910284463895
rq2,baselines,difficulty/near_far/far/cicids2017/Z2/seed_13,difficulty,cicids2017,Z2,13,renoir_dml,fpr95,0.34573304157549234
rq2,baselines,difficulty/near_far/far/cicids2017/Z2/seed_13,difficulty,cicids2017,Z2,13,renoir_dml,frr,1.0
rq2,baselines,difficulty/near_far/far/cicids2017/Z2/seed_13,difficulty,cicids2017,Z2,13,renoir_dml,known_accuracy,0.6411378555798687
rq2,baselines,difficulty/near_far/far/cicids2017/Z2/seed_13,difficulty,cicids2017,Z2,13,renoir_dml,known_macro_f1,0.6048356105100684
rq2,baselines,difficulty/near_far/far/cicids2017/Z2/seed_13,difficulty,cicids2017,Z2,13,renoir_dml,known_weighted_f1,0.60510162601887
rq2,baselines,difficulty/near_far/far/cicids2017/Z2/seed_13,difficulty,cicids2017,Z2,13,renoir_dml,open_world_macro_f1,0.5342206661169359
rq2,baselines,difficulty/near_far/far/cicids2017/Z2/seed_13,difficulty,cicids2017,Z2,13,renoir_dml,oscr,0.5393109765406341
rq2,baselines,difficulty/near_far/far/cicids2017/Z2/seed_13,difficulty,cicids2017,Z2,13,renoir_dml,tpr_at_0_1_fpr,0.0
rq2,baselines,difficulty/near_far/far/cicids2017/Z2/seed_13,difficulty,cicids2017,Z2,13,renoir_dml,tpr_at_1_fpr,0.0
rq2,baselines,difficulty/near_far/far/cicids2017/Z2/seed_13,difficulty,cicids2017,Z2,13,renoir_dml,tpr_at_5_fpr,0.46511627906976744
rq2,baselines,difficulty/near_far/far/cicids2017/Z2/seed_13,difficulty,cicids2017,Z2,13,renoir_dml,unknown_auroc,0.8095771207572133
rq2,baselines,difficulty/near_far/far/cicids2017/Z2/seed_13,difficulty,cicids2017,Z2,13,renoir_dml,unknown_f1,0.0
rq2,baselines,difficulty/near_far/far/cicids2017/Z2/seed_13,difficulty,cicids2017,Z2,13,renoir_dml,unknown_precision,0.0
rq2,baselines,difficulty/near_far/far/cicids2017/Z2/seed_13,difficulty,cicids2017,Z2,13,renoir_dml,unknown_recall,0.0
rq2,baselines,difficulty/near_far/near/cicids2017/Z1/seed_13,difficulty,cicids2017,Z1,13,closr,aupr_out,0.4062534134623758
rq2,baselines,difficulty/near_far/near/cicids2017/Z1/seed_13,difficulty,cicids2017,Z1,13,closr,far,0.02197802197802198
rq2,baselines,difficulty/near_far/near/cicids2017/Z1/seed_13,difficulty,cicids2017,Z1,13,closr,fpr95,0.5956043956043956
rq2,baselines,difficulty/near_far/near/cicids2017/Z1/seed_13,difficulty,cicids2017,Z1,13,closr,frr,0.6444444444444445
rq2,baselines,difficulty/near_far/near/cicids2017/Z1/seed_13,difficulty,cicids2017,Z1,13,closr,known_accuracy,0.6307692307692307
rq2,baselines,difficulty/near_far/near/cicids2017/Z1/seed_13,difficulty,cicids2017,Z1,13,closr,known_macro_f1,0.5822250030286733
rq2,baselines,difficulty/near_far/near/cicids2017/Z1/seed_13,difficulty,cicids2017,Z1,13,closr,known_weighted_f1,0.5813420547728827
rq2,baselines,difficulty/near_far/near/cicids2017/Z1/seed_13,difficulty,cicids2017,Z1,13,closr,open_world_macro_f1,0.556259064151812
rq2,baselines,difficulty/near_far/near/cicids2017/Z1/seed_13,difficulty,cicids2017,Z1,13,closr,oscr,0.5279120879120879
rq2,baselines,difficulty/near_far/near/cicids2017/Z1/seed_13,difficulty,cicids2017,Z1,13,closr,tpr_at_0_1_fpr,0.0
rq2,baselines,difficulty/near_far/near/cicids2017/Z1/seed_13,difficulty,cicids2017,Z1,13,closr,tpr_at_1_fpr,0.28888888888888886
rq2,baselines,difficulty/near_far/near/cicids2017/Z1/seed_13,difficulty,cicids2017,Z1,13,closr,tpr_at_5_fpr,0.35555555555555557
rq2,baselines,difficulty/near_far/near/cicids2017/Z1/seed_13,difficulty,cicids2017,Z1,13,closr,unknown_auroc,0.7894505494505494
rq2,baselines,difficulty/near_far/near/cicids2017/Z1/seed_13,difficulty,cicids2017,Z1,13,closr,unknown_f1,0.4507042253521127
rq2,baselines,difficulty/near_far/near/cicids2017/Z1/seed_13,difficulty,cicids2017,Z1,13,closr,unknown_precision,0.6153846153846154
rq2,baselines,difficulty/near_far/near/cicids2017/Z1/seed_13,difficulty,cicids2017,Z1,13,closr,unknown_recall,0.35555555555555557
rq2,baselines,difficulty/near_far/near/cicids2017/Z1/seed_13,difficulty,cicids2017,Z1,13,efc,aupr_out,0.3644565379074199
rq2,baselines,difficulty/near_far/near/cicids2017/Z1/seed_13,difficulty,cicids2017,Z1,13,efc,far,0.004395604395604396
rq2,baselines,difficulty/near_far/near/cicids2017/Z1/seed_13,difficulty,cicids2017,Z1,13,efc,fpr95,0.810989010989011
rq2,baselines,difficulty/near_far/near/cicids2017/Z1/seed_13,difficulty,cicids2017,Z1,13,efc,frr,0.9333333333333333
rq2,baselines,difficulty/near_far/near/cicids2017/Z1/seed_13,difficulty,cicids2017,Z1,13,efc,known_accuracy,0.756043956043956
rq2,baselines,difficulty/near_far/near/cicids2017/Z1/seed_13,difficulty,cicids2017,Z1,13,efc,known_macro_f1,0.7273036718893998
rq2,baselines,difficulty/near_far/near/cicids2017/Z1/seed_13,difficulty,cicids2017,Z1,13,efc,known_weighted_f1,0.7275580885502289
rq2,baselines,difficulty/near_far/near/cicids2017/Z1/seed_13,difficulty,cicids2017,Z1,13,efc,open_world_macro_f1,0.6567114729532406
rq2,baselines,difficulty/near_far/near/cicids2017/Z1/seed_13,difficulty,cicids2017,Z1,13,efc,oscr,0.49352869352869355
rq2,baselines,difficulty/near_far/near/cicids2017/Z1/seed_13,difficulty,cicids2017,Z1,13,efc,tpr_at_0_1_fpr,0.0
rq2,baselines,difficulty/near_far/near/cicids2017/Z1/seed_13,difficulty,cicids2017,Z1,13,efc,tpr_at_1_fpr,0.08888888888888889
rq2,baselines,difficulty/near_far/near/cicids2017/Z1/seed_13,difficulty,cicids2017,Z1,13,efc,tpr_at_5_fpr,0.5777777777777777
rq2,baselines,difficulty/near_far/near/cicids2017/Z1/seed_13,difficulty,cicids2017,Z1,13,efc,unknown_auroc,0.659023199023199
rq2,baselines,difficulty/near_far/near/cicids2017/Z1/seed_13,difficulty,cicids2017,Z1,13,efc,unknown_f1,0.12
rq2,baselines,difficulty/near_far/near/cicids2017/Z1/seed_13,difficulty,cicids2017,Z1,13,efc,unknown_precision,0.6
rq2,baselines,difficulty/near_far/near/cicids2017/Z1/seed_13,difficulty,cicids2017,Z1,13,efc,unknown_recall,0.06666666666666667
rq2,baselines,difficulty/near_far/near/cicids2017/Z1/seed_13,difficulty,cicids2017,Z1,13,renoir_dml,aupr_out,0.6042332721348495
rq2,baselines,difficulty/near_far/near/cicids2017/Z1/seed_13,difficulty,cicids2017,Z1,13,renoir_dml,far,0.02197802197802198
rq2,baselines,difficulty/near_far/near/cicids2017/Z1/seed_13,difficulty,cicids2017,Z1,13,renoir_dml,fpr95,0.5802197802197803
rq2,baselines,difficulty/near_far/near/cicids2017/Z1/seed_13,difficulty,cicids2017,Z1,13,renoir_dml,frr,0.4666666666666667
rq2,baselines,difficulty/near_far/near/cicids2017/Z1/seed_13,difficulty,cicids2017,Z1,13,renoir_dml,known_accuracy,0.654945054945055
rq2,baselines,difficulty/near_far/near/cicids2017/Z1/seed_13,difficulty,cicids2017,Z1,13,renoir_dml,known_macro_f1,0.6219907019196822
rq2,baselines,difficulty/near_far/near/cicids2017/Z1/seed_13,difficulty,cicids2017,Z1,13,renoir_dml,known_weighted_f1,0.6216781101453052
rq2,baselines,difficulty/near_far/near/cicids2017/Z1/seed_13,difficulty,cicids2017,Z1,13,renoir_dml,open_world_macro_f1,0.600999684209011
rq2,baselines,difficulty/near_far/near/cicids2017/Z1/seed_13,difficulty,cicids2017,Z1,13,renoir_dml,oscr,0.5926739926739927
rq2,baselines,difficulty/near_far/near/cicids2017/Z1/seed_13,difficulty,cicids2017,Z1,13,renoir_dml,tpr_at_0_1_fpr,0.0
rq2,baselines,difficulty/near_far/near/cicids2017/Z1/seed_13,difficulty,cicids2017,Z1,13,renoir_dml,tpr_at_1_fpr,0.4666666666666667
rq2,baselines,difficulty/near_far/near/cicids2017/Z1/seed_13,difficulty,cicids2017,Z1,13,renoir_dml,tpr_at_5_fpr,0.7111111111111111
rq2,baselines,difficulty/near_far/near/cicids2017/Z1/seed_13,difficulty,cicids2017,Z1,13,renoir_dml,unknown_auroc,0.8836630036630037
rq2,baselines,difficulty/near_far/near/cicids2017/Z1/seed_13,difficulty,cicids2017,Z1,13,renoir_dml,unknown_f1,0.6075949367088608
rq2,baselines,difficulty/near_far/near/cicids2017/Z1/seed_13,difficulty,cicids2017,Z1,13,renoir_dml,unknown_precision,0.7058823529411765
rq2,baselines,difficulty/near_far/near/cicids2017/Z1/seed_13,difficulty,cicids2017,Z1,13,renoir_dml,unknown_recall,0.5333333333333333
rq2,baselines,difficulty/openness/cicids2017/O1/seed_13,difficulty,cicids2017,Z1,13,closr,aupr_out,0.4062534134623758
rq2,baselines,difficulty/openness/cicids2017/O1/seed_13,difficulty,cicids2017,Z1,13,closr,far,0.02197802197802198
rq2,baselines,difficulty/openness/cicids2017/O1/seed_13,difficulty,cicids2017,Z1,13,closr,fpr95,0.5956043956043956
rq2,baselines,difficulty/openness/cicids2017/O1/seed_13,difficulty,cicids2017,Z1,13,closr,frr,0.6444444444444445
rq2,baselines,difficulty/openness/cicids2017/O1/seed_13,difficulty,cicids2017,Z1,13,closr,known_accuracy,0.6307692307692307
rq2,baselines,difficulty/openness/cicids2017/O1/seed_13,difficulty,cicids2017,Z1,13,closr,known_macro_f1,0.5822250030286733
rq2,baselines,difficulty/openness/cicids2017/O1/seed_13,difficulty,cicids2017,Z1,13,closr,known_weighted_f1,0.5813420547728827
rq2,baselines,difficulty/openness/cicids2017/O1/seed_13,difficulty,cicids2017,Z1,13,closr,open_world_macro_f1,0.556259064151812
rq2,baselines,difficulty/openness/cicids2017/O1/seed_13,difficulty,cicids2017,Z1,13,closr,oscr,0.5279120879120879
rq2,baselines,difficulty/openness/cicids2017/O1/seed_13,difficulty,cicids2017,Z1,13,closr,tpr_at_0_1_fpr,0.0
rq2,baselines,difficulty/openness/cicids2017/O1/seed_13,difficulty,cicids2017,Z1,13,closr,tpr_at_1_fpr,0.28888888888888886
rq2,baselines,difficulty/openness/cicids2017/O1/seed_13,difficulty,cicids2017,Z1,13,closr,tpr_at_5_fpr,0.35555555555555557
rq2,baselines,difficulty/openness/cicids2017/O1/seed_13,difficulty,cicids2017,Z1,13,closr,unknown_auroc,0.7894505494505494
rq2,baselines,difficulty/openness/cicids2017/O1/seed_13,difficulty,cicids2017,Z1,13,closr,unknown_f1,0.4507042253521127
rq2,baselines,difficulty/openness/cicids2017/O1/seed_13,difficulty,cicids2017,Z1,13,closr,unknown_precision,0.6153846153846154
rq2,baselines,difficulty/openness/cicids2017/O1/seed_13,difficulty,cicids2017,Z1,13,closr,unknown_recall,0.35555555555555557
rq2,baselines,difficulty/openness/cicids2017/O1/seed_13,difficulty,cicids2017,Z1,13,efc,aupr_out,0.3644565379074199
rq2,baselines,difficulty/openness/cicids2017/O1/seed_13,difficulty,cicids2017,Z1,13,efc,far,0.004395604395604396
rq2,baselines,difficulty/openness/cicids2017/O1/seed_13,difficulty,cicids2017,Z1,13,efc,fpr95,0.810989010989011
rq2,baselines,difficulty/openness/cicids2017/O1/seed_13,difficulty,cicids2017,Z1,13,efc,frr,0.9333333333333333
rq2,baselines,difficulty/openness/cicids2017/O1/seed_13,difficulty,cicids2017,Z1,13,efc,known_accuracy,0.756043956043956
rq2,baselines,difficulty/openness/cicids2017/O1/seed_13,difficulty,cicids2017,Z1,13,efc,known_macro_f1,0.7273036718893998
rq2,baselines,difficulty/openness/cicids2017/O1/seed_13,difficulty,cicids2017,Z1,13,efc,known_weighted_f1,0.7275580885502289
rq2,baselines,difficulty/openness/cicids2017/O1/seed_13,difficulty,cicids2017,Z1,13,efc,open_world_macro_f1,0.6567114729532406
rq2,baselines,difficulty/openness/cicids2017/O1/seed_13,difficulty,cicids2017,Z1,13,efc,oscr,0.49352869352869355
rq2,baselines,difficulty/openness/cicids2017/O1/seed_13,difficulty,cicids2017,Z1,13,efc,tpr_at_0_1_fpr,0.0
rq2,baselines,difficulty/openness/cicids2017/O1/seed_13,difficulty,cicids2017,Z1,13,efc,tpr_at_1_fpr,0.08888888888888889
rq2,baselines,difficulty/openness/cicids2017/O1/seed_13,difficulty,cicids2017,Z1,13,efc,tpr_at_5_fpr,0.5777777777777777
rq2,baselines,difficulty/openness/cicids2017/O1/seed_13,difficulty,cicids2017,Z1,13,efc,unknown_auroc,0.659023199023199
rq2,baselines,difficulty/openness/cicids2017/O1/seed_13,difficulty,cicids2017,Z1,13,efc,unknown_f1,0.12
rq2,baselines,difficulty/openness/cicids2017/O1/seed_13,difficulty,cicids2017,Z1,13,efc,unknown_precision,0.6
rq2,baselines,difficulty/openness/cicids2017/O1/seed_13,difficulty,cicids2017,Z1,13,efc,unknown_recall,0.06666666666666667
rq2,baselines,difficulty/openness/cicids2017/O1/seed_13,difficulty,cicids2017,Z1,13,renoir_dml,aupr_out,0.6042332721348495
rq2,baselines,difficulty/openness/cicids2017/O1/seed_13,difficulty,cicids2017,Z1,13,renoir_dml,far,0.02197802197802198
rq2,baselines,difficulty/openness/cicids2017/O1/seed_13,difficulty,cicids2017,Z1,13,renoir_dml,fpr95,0.5802197802197803
rq2,baselines,difficulty/openness/cicids2017/O1/seed_13,difficulty,cicids2017,Z1,13,renoir_dml,frr,0.4666666666666667
rq2,baselines,difficulty/openness/cicids2017/O1/seed_13,difficulty,cicids2017,Z1,13,renoir_dml,known_accuracy,0.654945054945055
rq2,baselines,difficulty/openness/cicids2017/O1/seed_13,difficulty,cicids2017,Z1,13,renoir_dml,known_macro_f1,0.6219907019196822
rq2,baselines,difficulty/openness/cicids2017/O1/seed_13,difficulty,cicids2017,Z1,13,renoir_dml,known_weighted_f1,0.6216781101453052
rq2,baselines,difficulty/openness/cicids2017/O1/seed_13,difficulty,cicids2017,Z1,13,renoir_dml,open_world_macro_f1,0.600999684209011
rq2,baselines,difficulty/openness/cicids2017/O1/seed_13,difficulty,cicids2017,Z1,13,renoir_dml,oscr,0.5926739926739927
rq2,baselines,difficulty/openness/cicids2017/O1/seed_13,difficulty,cicids2017,Z1,13,renoir_dml,tpr_at_0_1_fpr,0.0
rq2,baselines,difficulty/openness/cicids2017/O1/seed_13,difficulty,cicids2017,Z1,13,renoir_dml,tpr_at_1_fpr,0.4666666666666667
rq2,baselines,difficulty/openness/cicids2017/O1/seed_13,difficulty,cicids2017,Z1,13,renoir_dml,tpr_at_5_fpr,0.7111111111111111
rq2,baselines,difficulty/openness/cicids2017/O1/seed_13,difficulty,cicids2017,Z1,13,renoir_dml,unknown_auroc,0.8836630036630037
rq2,baselines,difficulty/openness/cicids2017/O1/seed_13,difficulty,cicids2017,Z1,13,renoir_dml,unknown_f1,0.6075949367088608
rq2,baselines,difficulty/openness/cicids2017/O1/seed_13,difficulty,cicids2017,Z1,13,renoir_dml,unknown_precision,0.7058823529411765
rq2,baselines,difficulty/openness/cicids2017/O1/seed_13,difficulty,cicids2017,Z1,13,renoir_dml,unknown_recall,0.5333333333333333
rq3,ours,prevalence/ciciomt2024/Z1/seed_13,prevalence,ciciomt2024,Z1,13,hedl,aupr_out,0.037183607569865565
rq3,ours,prevalence/ciciomt2024/Z1/seed_13,prevalence,ciciomt2024,Z1,13,hedl,far,0.0
rq3,ours,prevalence/ciciomt2024/Z1/seed_13,prevalence,ciciomt2024,Z1,13,hedl,fpr95,0.7489451476793249
rq3,ours,prevalence/ciciomt2024/Z1/seed_13,prevalence,ciciomt2024,Z1,13,hedl,frr,1.0
rq3,ours,prevalence/ciciomt2024/Z1/seed_13,prevalence,ciciomt2024,Z1,13,hedl,known_accuracy,0.3459915611814346
rq3,ours,prevalence/ciciomt2024/Z1/seed_13,prevalence,ciciomt2024,Z1,13,hedl,known_macro_f1,0.24238962365939157
rq3,ours,prevalence/ciciomt2024/Z1/seed_13,prevalence,ciciomt2024,Z1,13,hedl,known_weighted_f1,0.24205593063287345
rq3,ours,prevalence/ciciomt2024/Z1/seed_13,prevalence,ciciomt2024,Z1,13,hedl,latency_ms_per_flow,0.21746120000898372
rq3,ours,prevalence/ciciomt2024/Z1/seed_13,prevalence,ciciomt2024,Z1,13,hedl,open_world_macro_f1,0.22921947834811296
rq3,ours,prevalence/ciciomt2024/Z1/seed_13,prevalence,ciciomt2024,Z1,13,hedl,oscr,0.09866926322622524
rq3,ours,prevalence/ciciomt2024/Z1/seed_13,prevalence,ciciomt2024,Z1,13,hedl,parameters,4404.0
rq3,ours,prevalence/ciciomt2024/Z1/seed_13,prevalence,ciciomt2024,Z1,13,hedl,scorer_density_reference_size,500.0
rq3,ours,prevalence/ciciomt2024/Z1/seed_13,prevalence,ciciomt2024,Z1,13,hedl,scorer_density_selection_margin,0.1
rq3,ours,prevalence/ciciomt2024/Z1/seed_13,prevalence,ciciomt2024,Z1,13,hedl,scorer_proxy_density_auroc,0.6223158823529411
rq3,ours,prevalence/ciciomt2024/Z1/seed_13,prevalence,ciciomt2024,Z1,13,hedl,scorer_proxy_evidential_auroc,0.5017914117647059
rq3,ours,prevalence/ciciomt2024/Z1/seed_13,prevalence,ciciomt2024,Z1,13,hedl,throughput_fps,4598.5214831826925
rq3,ours,prevalence/ciciomt2024/Z1/seed_13,prevalence,ciciomt2024,Z1,13,hedl,tpr_at_0_1_fpr,0.0
rq3,ours,prevalence/ciciomt2024/Z1/seed_13,prevalence,ciciomt2024,Z1,13,hedl,tpr_at_1_fpr,0.0
rq3,ours,prevalence/ciciomt2024/Z1/seed_13,prevalence,ciciomt2024,Z1,13,hedl,tpr_at_5_fpr,0.0
rq3,ours,prevalence/ciciomt2024/Z1/seed_13,prevalence,ciciomt2024,Z1,13,hedl,unknown_auroc,0.296291788380396
rq3,ours,prevalence/ciciomt2024/Z1/seed_13,prevalence,ciciomt2024,Z1,13,hedl,unknown_f1,0.0
rq3,ours,prevalence/ciciomt2024/Z1/seed_13,prevalence,ciciomt2024,Z1,13,hedl,unknown_precision,0.0
rq3,ours,prevalence/ciciomt2024/Z1/seed_13,prevalence,ciciomt2024,Z1,13,hedl,unknown_recall,0.0
rq3,ours,prevalence/ciciomt2024/Z1/seed_13/prevalence_0.001,prevalence,ciciomt2024,Z1,13,hedl,aupr_out,0.0029940119760479044
rq3,ours,prevalence/ciciomt2024/Z1/seed_13/prevalence_0.001,prevalence,ciciomt2024,Z1,13,hedl,far,0.0
rq3,ours,prevalence/ciciomt2024/Z1/seed_13/prevalence_0.001,prevalence,ciciomt2024,Z1,13,hedl,fpr95,0.7025316455696202
rq3,ours,prevalence/ciciomt2024/Z1/seed_13/prevalence_0.001,prevalence,ciciomt2024,Z1,13,hedl,frr,1.0
rq3,ours,prevalence/ciciomt2024/Z1/seed_13/prevalence_0.001,prevalence,ciciomt2024,Z1,13,hedl,known_accuracy,0.3459915611814346
rq3,ours,prevalence/ciciomt2024/Z1/seed_13/prevalence_0.001,prevalence,ciciomt2024,Z1,13,hedl,known_macro_f1,0.24238962365939157
rq3,ours,prevalence/ciciomt2024/Z1/seed_13/prevalence_0.001,prevalence,ciciomt2024,Z1,13,hedl,known_weighted_f1,0.24205593063287345
rq3,ours,prevalence/ciciomt2024/Z1/seed_13/prevalence_0.001,prevalence,ciciomt2024,Z1,13,hedl,open_world_macro_f1,0.22963227504573944
rq3,ours,prevalence/ciciomt2024/Z1/seed_13/prevalence_0.001,prevalence,ciciomt2024,Z1,13,hedl,oscr,0.09282700421940929
rq3,ours,prevalence/ciciomt2024/Z1/seed_13/prevalence_0.001,prevalence,ciciomt2024,Z1,13,hedl,realized_prevalence,0.002105263157894737
rq3,ours,prevalence/ciciomt2024/Z1/seed_13/prevalence_0.001,prevalence,ciciomt2024,Z1,13,hedl,requested_prevalence,0.001
rq3,ours,prevalence/ciciomt2024/Z1/seed_13/prevalence_0.001,prevalence,ciciomt2024,Z1,13,hedl,sampled_known,474.0
rq3,ours,prevalence/ciciomt2024/Z1/seed_13/prevalence_0.001,prevalence,ciciomt2024,Z1,13,hedl,sampled_unknown,1.0
rq3,ours,prevalence/ciciomt2024/Z1/seed_13/prevalence_0.001,prevalence,ciciomt2024,Z1,13,hedl,tpr_at_0_1_fpr,0.0
rq3,ours,prevalence/ciciomt2024/Z1/seed_13/prevalence_0.001,prevalence,ciciomt2024,Z1,13,hedl,tpr_at_1_fpr,0.0
rq3,ours,prevalence/ciciomt2024/Z1/seed_13/prevalence_0.001,prevalence,ciciomt2024,Z1,13,hedl,tpr_at_5_fpr,0.0
rq3,ours,prevalence/ciciomt2024/Z1/seed_13/prevalence_0.001,prevalence,ciciomt2024,Z1,13,hedl,unknown_auroc,0.2974683544303798
rq3,ours,prevalence/ciciomt2024/Z1/seed_13/prevalence_0.001,prevalence,ciciomt2024,Z1,13,hedl,unknown_f1,0.0
rq3,ours,prevalence/ciciomt2024/Z1/seed_13/prevalence_0.001,prevalence,ciciomt2024,Z1,13,hedl,unknown_precision,0.0
rq3,ours,prevalence/ciciomt2024/Z1/seed_13/prevalence_0.001,prevalence,ciciomt2024,Z1,13,hedl,unknown_recall,0.0
rq3,ours,prevalence/ciciomt2024/Z1/seed_13/prevalence_0.01,prevalence,ciciomt2024,Z1,13,hedl,aupr_out,0.00851045428725243
rq3,ours,prevalence/ciciomt2024/Z1/seed_13/prevalence_0.01,prevalence,ciciomt2024,Z1,13,hedl,far,0.0
rq3,ours,prevalence/ciciomt2024/Z1/seed_13/prevalence_0.01,prevalence,ciciomt2024,Z1,13,hedl,fpr95,0.740506329113924
rq3,ours,prevalence/ciciomt2024/Z1/seed_13/prevalence_0.01,prevalence,ciciomt2024,Z1,13,hedl,frr,1.0
rq3,ours,prevalence/ciciomt2024/Z1/seed_13/prevalence_0.01,prevalence,ciciomt2024,Z1,13,hedl,known_accuracy,0.3459915611814346
rq3,ours,prevalence/ciciomt2024/Z1/seed_13/prevalence_0.01,prevalence,ciciomt2024,Z1,13,hedl,known_macro_f1,0.24238962365939157
rq3,ours,prevalence/ciciomt2024/Z1/seed_13/prevalence_0.01,prevalence,ciciomt2024,Z1,13,hedl,known_weighted_f1,0.24205593063287345
rq3,ours,prevalence/ciciomt2024/Z1/seed_13/prevalence_0.01,prevalence,ciciomt2024,Z1,13,hedl,open_world_macro_f1,0.22963227504573944
rq3,ours,prevalence/ciciomt2024/Z1/seed_13/prevalence_0.01,prevalence,ciciomt2024,Z1,13,hedl,oscr,0.09113924050632911
rq3,ours,prevalence/ciciomt2024/Z1/seed_13/prevalence_0.01,prevalence,ciciomt2024,Z1,13,hedl,realized_prevalence,0.010438413361169102
rq3,ours,prevalence/ciciomt2024/Z1/seed_13/prevalence_0.01,prevalence,ciciomt2024,Z1,13,hedl,requested_prevalence,0.01
rq3,ours,prevalence/ciciomt2024/Z1/seed_13/prevalence_0.01,prevalence,ciciomt2024,Z1,13,hedl,sampled_known,474.0
rq3,ours,prevalence/ciciomt2024/Z1/seed_13/prevalence_0.01,prevalence,ciciomt2024,Z1,13,hedl,sampled_unknown,5.0
rq3,ours,prevalence/ciciomt2024/Z1/seed_13/prevalence_0.01,prevalence,ciciomt2024,Z1,13,hedl,tpr_at_0_1_fpr,0.0
rq3,ours,prevalence/ciciomt2024/Z1/seed_13/prevalence_0.01,prevalence,ciciomt2024,Z1,13,hedl,tpr_at_1_fpr,0.0
rq3,ours,prevalence/ciciomt2024/Z1/seed_13/prevalence_0.01,prevalence,ciciomt2024,Z1,13,hedl,tpr_at_5_fpr,0.0
rq3,ours,prevalence/ciciomt2024/Z1/seed_13/prevalence_0.01,prevalence,ciciomt2024,Z1,13,hedl,unknown_auroc,0.26983122362869205
rq3,ours,prevalence/ciciomt2024/Z1/seed_13/prevalence_0.01,prevalence,ciciomt2024,Z1,13,hedl,unknown_f1,0.0
rq3,ours,prevalence/ciciomt2024/Z1/seed_13/prevalence_0.01,prevalence,ciciomt2024,Z1,13,hedl,unknown_precision,0.0
rq3,ours,prevalence/ciciomt2024/Z1/seed_13/prevalence_0.01,prevalence,ciciomt2024,Z1,13,hedl,unknown_recall,0.0
rq3,ours,prevalence/ciciomt2024/Z1/seed_13/prevalence_0.05,prevalence,ciciomt2024,Z1,13,hedl,aupr_out,0.035908972383416955
rq3,ours,prevalence/ciciomt2024/Z1/seed_13/prevalence_0.05,prevalence,ciciomt2024,Z1,13,hedl,far,0.0
rq3,ours,prevalence/ciciomt2024/Z1/seed_13/prevalence_0.05,prevalence,ciciomt2024,Z1,13,hedl,fpr95,0.7489451476793249
rq3,ours,prevalence/ciciomt2024/Z1/seed_13/prevalence_0.05,prevalence,ciciomt2024,Z1,13,hedl,frr,1.0
rq3,ours,prevalence/ciciomt2024/Z1/seed_13/prevalence_0.05,prevalence,ciciomt2024,Z1,13,hedl,known_accuracy,0.3459915611814346
rq3,ours,prevalence/ciciomt2024/Z1/seed_13/prevalence_0.05,prevalence,ciciomt2024,Z1,13,hedl,known_macro_f1,0.24238962365939157
rq3,ours,prevalence/ciciomt2024/Z1/seed_13/prevalence_0.05,prevalence,ciciomt2024,Z1,13,hedl,known_weighted_f1,0.24205593063287345
rq3,ours,prevalence/ciciomt2024/Z1/seed_13/prevalence_0.05,prevalence,ciciomt2024,Z1,13,hedl,open_world_macro_f1,0.22921947834811296
rq3,ours,prevalence/ciciomt2024/Z1/seed_13/prevalence_0.05,prevalence,ciciomt2024,Z1,13,hedl,oscr,0.0989873417721519
rq3,ours,prevalence/ciciomt2024/Z1/seed_13/prevalence_0.05,prevalence,ciciomt2024,Z1,13,hedl,realized_prevalence,0.050100200400801605
rq3,ours,prevalence/ciciomt2024/Z1/seed_13/prevalence_0.05,prevalence,ciciomt2024,Z1,13,hedl,requested_prevalence,0.05
rq3,ours,prevalence/ciciomt2024/Z1/seed_13/prevalence_0.05,prevalence,ciciomt2024,Z1,13,hedl,sampled_known,474.0
rq3,ours,prevalence/ciciomt2024/Z1/seed_13/prevalence_0.05,prevalence,ciciomt2024,Z1,13,hedl,sampled_unknown,25.0
rq3,ours,prevalence/ciciomt2024/Z1/seed_13/prevalence_0.05,prevalence,ciciomt2024,Z1,13,hedl,tpr_at_0_1_fpr,0.0
rq3,ours,prevalence/ciciomt2024/Z1/seed_13/prevalence_0.05,prevalence,ciciomt2024,Z1,13,hedl,tpr_at_1_fpr,0.0
rq3,ours,prevalence/ciciomt2024/Z1/seed_13/prevalence_0.05,prevalence,ciciomt2024,Z1,13,hedl,tpr_at_5_fpr,0.0
rq3,ours,prevalence/ciciomt2024/Z1/seed_13/prevalence_0.05,prevalence,ciciomt2024,Z1,13,hedl,unknown_auroc,0.2976793248945148
rq3,ours,prevalence/ciciomt2024/Z1/seed_13/prevalence_0.05,prevalence,ciciomt2024,Z1,13,hedl,unknown_f1,0.0
rq3,ours,prevalence/ciciomt2024/Z1/seed_13/prevalence_0.05,prevalence,ciciomt2024,Z1,13,hedl,unknown_precision,0.0
rq3,ours,prevalence/ciciomt2024/Z1/seed_13/prevalence_0.05,prevalence,ciciomt2024,Z1,13,hedl,unknown_recall,0.0
rq3,ours,prevalence/ciciomt2024/Z1/seed_13/prevalence_0.1,prevalence,ciciomt2024,Z1,13,hedl,aupr_out,0.07484789874369653
rq3,ours,prevalence/ciciomt2024/Z1/seed_13/prevalence_0.1,prevalence,ciciomt2024,Z1,13,hedl,far,0.0
rq3,ours,prevalence/ciciomt2024/Z1/seed_13/prevalence_0.1,prevalence,ciciomt2024,Z1,13,hedl,fpr95,0.717948717948718
rq3,ours,prevalence/ciciomt2024/Z1/seed_13/prevalence_0.1,prevalence,ciciomt2024,Z1,13,hedl,frr,1.0
rq3,ours,prevalence/ciciomt2024/Z1/seed_13/prevalence_0.1,prevalence,ciciomt2024,Z1,13,hedl,known_accuracy,0.32905982905982906
rq3,ours,prevalence/ciciomt2024/Z1/seed_13/prevalence_0.1,prevalence,ciciomt2024,Z1,13,hedl,known_macro_f1,0.23195018049704544
rq3,ours,prevalence/ciciomt2024/Z1/seed_13/prevalence_0.1,prevalence,ciciomt2024,Z1,13,hedl,known_weighted_f1,0.2249379777973651
rq3,ours,prevalence/ciciomt2024/Z1/seed_13/prevalence_0.1,prevalence,ciciomt2024,Z1,13,hedl,open_world_macro_f1,0.21905874926104235
rq3,ours,prevalence/ciciomt2024/Z1/seed_13/prevalence_0.1,prevalence,ciciomt2024,Z1,13,hedl,oscr,0.10996055226824457
rq3,ours,prevalence/ciciomt2024/Z1/seed_13/prevalence_0.1,prevalence,ciciomt2024,Z1,13,hedl,realized_prevalence,0.1
rq3,ours,prevalence/ciciomt2024/Z1/seed_13/prevalence_0.1,prevalence,ciciomt2024,Z1,13,hedl,requested_prevalence,0.1
rq3,ours,prevalence/ciciomt2024/Z1/seed_13/prevalence_0.1,prevalence,ciciomt2024,Z1,13,hedl,sampled_known,234.0
rq3,ours,prevalence/ciciomt2024/Z1/seed_13/prevalence_0.1,prevalence,ciciomt2024,Z1,13,hedl,sampled_unknown,26.0
rq3,ours,prevalence/ciciomt2024/Z1/seed_13/prevalence_0.1,prevalence,ciciomt2024,Z1,13,hedl,tpr_at_0_1_fpr,0.0
rq3,ours,prevalence/ciciomt2024/Z1/seed_13/prevalence_0.1,prevalence,ciciomt2024,Z1,13,hedl,tpr_at_1_fpr,0.0
rq3,ours,prevalence/ciciomt2024/Z1/seed_13/prevalence_0.1,prevalence,ciciomt2024,Z1,13,hedl,tpr_at_5_fpr,0.0
rq3,ours,prevalence/ciciomt2024/Z1/seed_13/prevalence_0.1,prevalence,ciciomt2024,Z1,13,hedl,unknown_auroc,0.3276627218934911
rq3,ours,prevalence/ciciomt2024/Z1/seed_13/prevalence_0.1,prevalence,ciciomt2024,Z1,13,hedl,unknown_f1,0.0
rq3,ours,prevalence/ciciomt2024/Z1/seed_13/prevalence_0.1,prevalence,ciciomt2024,Z1,13,hedl,unknown_precision,0.0
rq3,ours,prevalence/ciciomt2024/Z1/seed_13/prevalence_0.1,prevalence,ciciomt2024,Z1,13,hedl,unknown_recall,0.0
rq3,ours,prevalence/ciciomt2024/Z1/seed_13/prevalence_0.25,prevalence,ciciomt2024,Z1,13,hedl,aupr_out,0.18141953590906873
rq3,ours,prevalence/ciciomt2024/Z1/seed_13/prevalence_0.25,prevalence,ciciomt2024,Z1,13,hedl,far,0.0
rq3,ours,prevalence/ciciomt2024/Z1/seed_13/prevalence_0.25,prevalence,ciciomt2024,Z1,13,hedl,fpr95,0.7564102564102564
rq3,ours,prevalence/ciciomt2024/Z1/seed_13/prevalence_0.25,prevalence,ciciomt2024,Z1,13,hedl,frr,1.0
rq3,ours,prevalence/ciciomt2024/Z1/seed_13/prevalence_0.25,prevalence,ciciomt2024,Z1,13,hedl,known_accuracy,0.32051282051282054
rq3,ours,prevalence/ciciomt2024/Z1/seed_13/prevalence_0.25,prevalence,ciciomt2024,Z1,13,hedl,known_macro_f1,0.20306838223504886
rq3,ours,prevalence/ciciomt2024/Z1/seed_13/prevalence_0.25,prevalence,ciciomt2024,Z1,13,hedl,known_weighted_f1,0.2128066378066378
rq3,ours,prevalence/ciciomt2024/Z1/seed_13/prevalence_0.25,prevalence,ciciomt2024,Z1,13,hedl,open_world_macro_f1,0.19238057264373057
rq3,ours,prevalence/ciciomt2024/Z1/seed_13/prevalence_0.25,prevalence,ciciomt2024,Z1,13,hedl,oscr,0.09960552268244575
rq3,ours,prevalence/ciciomt2024/Z1/seed_13/prevalence_0.25,prevalence,ciciomt2024,Z1,13,hedl,realized_prevalence,0.25
rq3,ours,prevalence/ciciomt2024/Z1/seed_13/prevalence_0.25,prevalence,ciciomt2024,Z1,13,hedl,requested_prevalence,0.25
rq3,ours,prevalence/ciciomt2024/Z1/seed_13/prevalence_0.25,prevalence,ciciomt2024,Z1,13,hedl,sampled_known,78.0
rq3,ours,prevalence/ciciomt2024/Z1/seed_13/prevalence_0.25,prevalence,ciciomt2024,Z1,13,hedl,sampled_unknown,26.0
rq3,ours,prevalence/ciciomt2024/Z1/seed_13/prevalence_0.25,prevalence,ciciomt2024,Z1,13,hedl,tpr_at_0_1_fpr,0.0
rq3,ours,prevalence/ciciomt2024/Z1/seed_13/prevalence_0.25,prevalence,ciciomt2024,Z1,13,hedl,tpr_at_1_fpr,0.0
rq3,ours,prevalence/ciciomt2024/Z1/seed_13/prevalence_0.25,prevalence,ciciomt2024,Z1,13,hedl,tpr_at_5_fpr,0.0
rq3,ours,prevalence/ciciomt2024/Z1/seed_13/prevalence_0.25,prevalence,ciciomt2024,Z1,13,hedl,unknown_auroc,0.2859960552268244
rq3,ours,prevalence/ciciomt2024/Z1/seed_13/prevalence_0.25,prevalence,ciciomt2024,Z1,13,hedl,unknown_f1,0.0
rq3,ours,prevalence/ciciomt2024/Z1/seed_13/prevalence_0.25,prevalence,ciciomt2024,Z1,13,hedl,unknown_precision,0.0
rq3,ours,prevalence/ciciomt2024/Z1/seed_13/prevalence_0.25,prevalence,ciciomt2024,Z1,13,hedl,unknown_recall,0.0
rq3,ours,prevalence/ciciomt2024/Z1/seed_13/prevalence_0.5,prevalence,ciciomt2024,Z1,13,hedl,aupr_out,0.41695790132750654
rq3,ours,prevalence/ciciomt2024/Z1/seed_13/prevalence_0.5,prevalence,ciciomt2024,Z1,13,hedl,far,0.0
rq3,ours,prevalence/ciciomt2024/Z1/seed_13/prevalence_0.5,prevalence,ciciomt2024,Z1,13,hedl,fpr95,0.6538461538461539
rq3,ours,prevalence/ciciomt2024/Z1/seed_13/prevalence_0.5,prevalence,ciciomt2024,Z1,13,hedl,frr,1.0
rq3,ours,prevalence/ciciomt2024/Z1/seed_13/prevalence_0.5,prevalence,ciciomt2024,Z1,13,hedl,known_accuracy,0.2692307692307692
rq3,ours,prevalence/ciciomt2024/Z1/seed_13/prevalence_0.5,prevalence,ciciomt2024,Z1,13,hedl,known_macro_f1,0.19025974025974027
rq3,ours,prevalence/ciciomt2024/Z1/seed_13/prevalence_0.5,prevalence,ciciomt2024,Z1,13,hedl,known_weighted_f1,0.17412587412587413
rq3,ours,prevalence/ciciomt2024/Z1/seed_13/prevalence_0.5,prevalence,ciciomt2024,Z1,13,hedl,open_world_macro_f1,0.16647727272727272
rq3,ours,prevalence/ciciomt2024/Z1/seed_13/prevalence_0.5,prevalence,ciciomt2024,Z1,13,hedl,oscr,0.09171597633136094
rq3,ours,prevalence/ciciomt2024/Z1/seed_13/prevalence_0.5,prevalence,ciciomt2024,Z1,13,hedl,realized_prevalence,0.5
rq3,ours,prevalence/ciciomt2024/Z1/seed_13/prevalence_0.5,prevalence,ciciomt2024,Z1,13,hedl,requested_prevalence,0.5
rq3,ours,prevalence/ciciomt2024/Z1/seed_13/prevalence_0.5,prevalence,ciciomt2024,Z1,13,hedl,sampled_known,26.0
rq3,ours,prevalence/ciciomt2024/Z1/seed_13/prevalence_0.5,prevalence,ciciomt2024,Z1,13,hedl,sampled_unknown,26.0
rq3,ours,prevalence/ciciomt2024/Z1/seed_13/prevalence_0.5,prevalence,ciciomt2024,Z1,13,hedl,tpr_at_0_1_fpr,0.0
rq3,ours,prevalence/ciciomt2024/Z1/seed_13/prevalence_0.5,prevalence,ciciomt2024,Z1,13,hedl,tpr_at_1_fpr,0.0
rq3,ours,prevalence/ciciomt2024/Z1/seed_13/prevalence_0.5,prevalence,ciciomt2024,Z1,13,hedl,tpr_at_5_fpr,0.0
rq3,ours,prevalence/ciciomt2024/Z1/seed_13/prevalence_0.5,prevalence,ciciomt2024,Z1,13,hedl,unknown_auroc,0.39349112426035504
rq3,ours,prevalence/ciciomt2024/Z1/seed_13/prevalence_0.5,prevalence,ciciomt2024,Z1,13,hedl,unknown_f1,0.0
rq3,ours,prevalence/ciciomt2024/Z1/seed_13/prevalence_0.5,prevalence,ciciomt2024,Z1,13,hedl,unknown_precision,0.0
rq3,ours,prevalence/ciciomt2024/Z1/seed_13/prevalence_0.5,prevalence,ciciomt2024,Z1,13,hedl,unknown_recall,0.0
rq3,baselines,prevalence/ciciomt2024/Z1/seed_13,prevalence,ciciomt2024,Z1,13,closr,aupr_out,0.07831838423890815
rq3,baselines,prevalence/ciciomt2024/Z1/seed_13,prevalence,ciciomt2024,Z1,13,closr,far,0.008438818565400843
rq3,baselines,prevalence/ciciomt2024/Z1/seed_13,prevalence,ciciomt2024,Z1,13,closr,fpr95,0.34177215189873417
rq3,baselines,prevalence/ciciomt2024/Z1/seed_13,prevalence,ciciomt2024,Z1,13,closr,frr,1.0
rq3,baselines,prevalence/ciciomt2024/Z1/seed_13,prevalence,ciciomt2024,Z1,13,closr,known_accuracy,0.5168776371308017
rq3,baselines,prevalence/ciciomt2024/Z1/seed_13,prevalence,ciciomt2024,Z1,13,closr,known_macro_f1,0.47897175063560865
rq3,baselines,prevalence/ciciomt2024/Z1/seed_13,prevalence,ciciomt2024,Z1,13,closr,known_weighted_f1,0.4787024726770479
rq3,baselines,prevalence/ciciomt2024/Z1/seed_13,prevalence,ciciomt2024,Z1,13,closr,latency_ms_per_flow,0.053319200000260025
rq3,baselines,prevalence/ciciomt2024/Z1/seed_13,prevalence,ciciomt2024,Z1,13,closr,open_world_macro_f1,0.4389762365707334
rq3,baselines,prevalence/ciciomt2024/Z1/seed_13,prevalence,ciciomt2024,Z1,13,closr,oscr,0.301768906199286
rq3,baselines,prevalence/ciciomt2024/Z1/seed_13,prevalence,ciciomt2024,Z1,13,closr,parameters,226112.0
rq3,baselines,prevalence/ciciomt2024/Z1/seed_13,prevalence,ciciomt2024,Z1,13,closr,throughput_fps,18754.970066976308
rq3,baselines,prevalence/ciciomt2024/Z1/seed_13,prevalence,ciciomt2024,Z1,13,closr,tpr_at_0_1_fpr,0.0
rq3,baselines,prevalence/ciciomt2024/Z1/seed_13,prevalence,ciciomt2024,Z1,13,closr,tpr_at_1_fpr,0.0
rq3,baselines,prevalence/ciciomt2024/Z1/seed_13,prevalence,ciciomt2024,Z1,13,closr,tpr_at_5_fpr,0.0
rq3,baselines,prevalence/ciciomt2024/Z1/seed_13,prevalence,ciciomt2024,Z1,13,closr,unknown_auroc,0.6823271665043817
rq3,baselines,prevalence/ciciomt2024/Z1/seed_13,prevalence,ciciomt2024,Z1,13,closr,unknown_f1,0.0
rq3,baselines,prevalence/ciciomt2024/Z1/seed_13,prevalence,ciciomt2024,Z1,13,closr,unknown_precision,0.0
rq3,baselines,prevalence/ciciomt2024/Z1/seed_13,prevalence,ciciomt2024,Z1,13,closr,unknown_recall,0.0
rq3,baselines,prevalence/ciciomt2024/Z1/seed_13/prevalence_0.001,prevalence,ciciomt2024,Z1,13,closr,aupr_out,0.006172839506172839
rq3,baselines,prevalence/ciciomt2024/Z1/seed_13/prevalence_0.001,prevalence,ciciomt2024,Z1,13,closr,far,0.008438818565400843
rq3,baselines,prevalence/ciciomt2024/Z1/seed_13/prevalence_0.001,prevalence,ciciomt2024,Z1,13,closr,fpr95,0.339662447257384
rq3,baselines,prevalence/ciciomt2024/Z1/seed_13/prevalence_0.001,prevalence,ciciomt2024,Z1,13,closr,frr,1.0
rq3,baselines,prevalence/ciciomt2024/Z1/seed_13/prevalence_0.001,prevalence,ciciomt2024,Z1,13,closr,known_accuracy,0.5168776371308017
rq3,baselines,prevalence/ciciomt2024/Z1/seed_13/prevalence_0.001,prevalence,ciciomt2024,Z1,13,closr,known_macro_f1,0.47897175063560865
rq3,baselines,prevalence/ciciomt2024/Z1/seed_13/prevalence_0.001,prevalence,ciciomt2024,Z1,13,closr,known_weighted_f1,0.4787024726770479
rq3,baselines,prevalence/ciciomt2024/Z1/seed_13/prevalence_0.001,prevalence,ciciomt2024,Z1,13,closr,open_world_macro_f1,0.45552704756047196
rq3,baselines,prevalence/ciciomt2024/Z1/seed_13/prevalence_0.001,prevalence,ciciomt2024,Z1,13,closr,oscr,0.2805907172995781
rq3,baselines,prevalence/ciciomt2024/Z1/seed_13/prevalence_0.001,prevalence,ciciomt2024,Z1,13,closr,realized_prevalence,0.002105263157894737
rq3,baselines,prevalence/ciciomt2024/Z1/seed_13/prevalence_0.001,prevalence,ciciomt2024,Z1,13,closr,requested_prevalence,0.001
rq3,baselines,prevalence/ciciomt2024/Z1/seed_13/prevalence_0.001,prevalence,ciciomt2024,Z1,13,closr,sampled_known,474.0
rq3,baselines,prevalence/ciciomt2024/Z1/seed_13/prevalence_0.001,prevalence,ciciomt2024,Z1,13,closr,sampled_unknown,1.0
rq3,baselines,prevalence/ciciomt2024/Z1/seed_13/prevalence_0.001,prevalence,ciciomt2024,Z1,13,closr,tpr_at_0_1_fpr,0.0
rq3,baselines,prevalence/ciciomt2024/Z1/seed_13/prevalence_0.001,prevalence,ciciomt2024,Z1,13,closr,tpr_at_1_fpr,0.0
rq3,baselines,prevalence/ciciomt2024/Z1/seed_13/prevalence_0.001,prevalence,ciciomt2024,Z1,13,closr,tpr_at_5_fpr,0.0
rq3,baselines,prevalence/ciciomt2024/Z1/seed_13/prevalence_0.001,prevalence,ciciomt2024,Z1,13,closr,unknown_auroc,0.660337552742616
rq3,baselines,prevalence/ciciomt2024/Z1/seed_13/prevalence_0.001,prevalence,ciciomt2024,Z1,13,closr,unknown_f1,0.0
rq3,baselines,prevalence/ciciomt2024/Z1/seed_13/prevalence_0.001,prevalence,ciciomt2024,Z1,13,closr,unknown_precision,0.0
rq3,baselines,prevalence/ciciomt2024/Z1/seed_13/prevalence_0.001,prevalence,ciciomt2024,Z1,13,closr,unknown_recall,0.0
rq3,baselines,prevalence/ciciomt2024/Z1/seed_13/prevalence_0.01,prevalence,ciciomt2024,Z1,13,closr,aupr_out,0.01864111987604892
rq3,baselines,prevalence/ciciomt2024/Z1/seed_13/prevalence_0.01,prevalence,ciciomt2024,Z1,13,closr,far,0.008438818565400843
rq3,baselines,prevalence/ciciomt2024/Z1/seed_13/prevalence_0.01,prevalence,ciciomt2024,Z1,13,closr,fpr95,0.339662447257384
rq3,baselines,prevalence/ciciomt2024/Z1/seed_13/prevalence_0.01,prevalence,ciciomt2024,Z1,13,closr,frr,1.0
rq3,baselines,prevalence/ciciomt2024/Z1/seed_13/prevalence_0.01,prevalence,ciciomt2024,Z1,13,closr,known_accuracy,0.5168776371308017
rq3,baselines,prevalence/ciciomt2024/Z1/seed_13/prevalence_0.01,prevalence,ciciomt2024,Z1,13,closr,known_macro_f1,0.47897175063560865
rq3,baselines,prevalence/ciciomt2024/Z1/seed_13/prevalence_0.01,prevalence,ciciomt2024,Z1,13,closr,known_weighted_f1,0.4787024726770479
rq3,baselines,prevalence/ciciomt2024/Z1/seed_13/prevalence_0.01,prevalence,ciciomt2024,Z1,13,closr,open_world_macro_f1,0.45190329104903443
rq3,baselines,prevalence/ciciomt2024/Z1/seed_13/prevalence_0.01,prevalence,ciciomt2024,Z1,13,closr,oscr,0.29282700421940927
rq3,baselines,prevalence/ciciomt2024/Z1/seed_13/prevalence_0.01,prevalence,ciciomt2024,Z1,13,closr,realized_prevalence,0.010438413361169102
rq3,baselines,prevalence/ciciomt2024/Z1/seed_13/prevalence_0.01,prevalence,ciciomt2024,Z1,13,closr,requested_prevalence,0.01
rq3,baselines,prevalence/ciciomt2024/Z1/seed_13/prevalence_0.01,prevalence,ciciomt2024,Z1,13,closr,sampled_known,474.0
rq3,baselines,prevalence/ciciomt2024/Z1/seed_13/prevalence_0.01,prevalence,ciciomt2024,Z1,13,closr,sampled_unknown,5.0
rq3,baselines,prevalence/ciciomt2024/Z1/seed_13/prevalence_0.01,prevalence,ciciomt2024,Z1,13,closr,tpr_at_0_1_fpr,0.0
rq3,baselines,prevalence/ciciomt2024/Z1/seed_13/prevalence_0.01,prevalence,ciciomt2024,Z1,13,closr,tpr_at_1_fpr,0.0
rq3,baselines,prevalence/ciciomt2024/Z1/seed_13/prevalence_0.01,prevalence,ciciomt2024,Z1,13,closr,tpr_at_5_fpr,0.0
rq3,baselines,prevalence/ciciomt2024/Z1/seed_13/prevalence_0.01,prevalence,ciciomt2024,Z1,13,closr,unknown_auroc,0.6725738396624472
rq3,baselines,prevalence/ciciomt2024/Z1/seed_13/prevalence_0.01,prevalence,ciciomt2024,Z1,13,closr,unknown_f1,0.0
rq3,baselines,prevalence/ciciomt2024/Z1/seed_13/prevalence_0.01,prevalence,ciciomt2024,Z1,13,closr,unknown_precision,0.0
rq3,baselines,prevalence/ciciomt2024/Z1/seed_13/prevalence_0.01,prevalence,ciciomt2024,Z1,13,closr,unknown_recall,0.0
rq3,baselines,prevalence/ciciomt2024/Z1/seed_13/prevalence_0.05,prevalence,ciciomt2024,Z1,13,closr,aupr_out,0.0756492040789496
rq3,baselines,prevalence/ciciomt2024/Z1/seed_13/prevalence_0.05,prevalence,ciciomt2024,Z1,13,closr,far,0.008438818565400843
rq3,baselines,prevalence/ciciomt2024/Z1/seed_13/prevalence_0.05,prevalence,ciciomt2024,Z1,13,closr,fpr95,0.34177215189873417
rq3,baselines,prevalence/ciciomt2024/Z1/seed_13/prevalence_0.05,prevalence,ciciomt2024,Z1,13,closr,frr,1.0
rq3,baselines,prevalence/ciciomt2024/Z1/seed_13/prevalence_0.05,prevalence,ciciomt2024,Z1,13,closr,known_accuracy,0.5168776371308017
rq3,baselines,prevalence/ciciomt2024/Z1/seed_13/prevalence_0.05,prevalence,ciciomt2024,Z1,13,closr,known_macro_f1,0.47897175063560865
rq3,baselines,prevalence/ciciomt2024/Z1/seed_13/prevalence_0.05,prevalence,ciciomt2024,Z1,13,closr,known_weighted_f1,0.4787024726770479
rq3,baselines,prevalence/ciciomt2024/Z1/seed_13/prevalence_0.05,prevalence,ciciomt2024,Z1,13,closr,open_world_macro_f1,0.43943192123694447
rq3,baselines,prevalence/ciciomt2024/Z1/seed_13/prevalence_0.05,prevalence,ciciomt2024,Z1,13,closr,oscr,0.30160337552742617
rq3,baselines,prevalence/ciciomt2024/Z1/seed_13/prevalence_0.05,prevalence,ciciomt2024,Z1,13,closr,realized_prevalence,0.050100200400801605
rq3,baselines,prevalence/ciciomt2024/Z1/seed_13/prevalence_0.05,prevalence,ciciomt2024,Z1,13,closr,requested_prevalence,0.05
rq3,baselines,prevalence/ciciomt2024/Z1/seed_13/prevalence_0.05,prevalence,ciciomt2024,Z1,13,closr,sampled_known,474.0
rq3,baselines,prevalence/ciciomt2024/Z1/seed_13/prevalence_0.05,prevalence,ciciomt2024,Z1,13,closr,sampled_unknown,25.0
rq3,baselines,prevalence/ciciomt2024/Z1/seed_13/prevalence_0.05,prevalence,ciciomt2024,Z1,13,closr,tpr_at_0_1_fpr,0.0
rq3,baselines,prevalence/ciciomt2024/Z1/seed_13/prevalence_0.05,prevalence,ciciomt2024,Z1,13,closr,tpr_at_1_fpr,0.0
rq3,baselines,prevalence/ciciomt2024/Z1/seed_13/prevalence_0.05,prevalence,ciciomt2024,Z1,13,closr,tpr_at_5_fpr,0.0
rq3,baselines,prevalence/ciciomt2024/Z1/seed_13/prevalence_0.05,prevalence,ciciomt2024,Z1,13,closr,unknown_auroc,0.6821940928270043
rq3,baselines,prevalence/ciciomt2024/Z1/seed_13/prevalence_0.05,prevalence,ciciomt2024,Z1,13,closr,unknown_f1,0.0
rq3,baselines,prevalence/ciciomt2024/Z1/seed_13/prevalence_0.05,prevalence,ciciomt2024,Z1,13,closr,unknown_precision,0.0
rq3,baselines,prevalence/ciciomt2024/Z1/seed_13/prevalence_0.05,prevalence,ciciomt2024,Z1,13,closr,unknown_recall,0.0
rq3,baselines,prevalence/ciciomt2024/Z1/seed_13/prevalence_0.1,prevalence,ciciomt2024,Z1,13,closr,aupr_out,0.16181522954982308
rq3,baselines,prevalence/ciciomt2024/Z1/seed_13/prevalence_0.1,prevalence,ciciomt2024,Z1,13,closr,far,0.0
rq3,baselines,prevalence/ciciomt2024/Z1/seed_13/prevalence_0.1,prevalence,ciciomt2024,Z1,13,closr,fpr95,0.29914529914529914
rq3,baselines,prevalence/ciciomt2024/Z1/seed_13/prevalence_0.1,prevalence,ciciomt2024,Z1,13,closr,frr,1.0
rq3,baselines,prevalence/ciciomt2024/Z1/seed_13/prevalence_0.1,prevalence,ciciomt2024,Z1,13,closr,known_accuracy,0.5085470085470085
rq3,baselines,prevalence/ciciomt2024/Z1/seed_13/prevalence_0.1,prevalence,ciciomt2024,Z1,13,closr,known_macro_f1,0.48201903803093393
rq3,baselines,prevalence/ciciomt2024/Z1/seed_13/prevalence_0.1,prevalence,ciciomt2024,Z1,13,closr,known_weighted_f1,0.46413334055348193
rq3,baselines,prevalence/ciciomt2024/Z1/seed_13/prevalence_0.1,prevalence,ciciomt2024,Z1,13,closr,open_world_macro_f1,0.43033382550299004
rq3,baselines,prevalence/ciciomt2024/Z1/seed_13/prevalence_0.1,prevalence,ciciomt2024,Z1,13,closr,oscr,0.3180473372781065
rq3,baselines,prevalence/ciciomt2024/Z1/seed_13/prevalence_0.1,prevalence,ciciomt2024,Z1,13,closr,realized_prevalence,0.1
rq3,baselines,prevalence/ciciomt2024/Z1/seed_13/prevalence_0.1,prevalence,ciciomt2024,Z1,13,closr,requested_prevalence,0.1
rq3,baselines,prevalence/ciciomt2024/Z1/seed_13/prevalence_0.1,prevalence,ciciomt2024,Z1,13,closr,sampled_known,234.0
rq3,baselines,prevalence/ciciomt2024/Z1/seed_13/prevalence_0.1,prevalence,ciciomt2024,Z1,13,closr,sampled_unknown,26.0
rq3,baselines,prevalence/ciciomt2024/Z1/seed_13/prevalence_0.1,prevalence,ciciomt2024,Z1,13,closr,tpr_at_0_1_fpr,0.0
rq3,baselines,prevalence/ciciomt2024/Z1/seed_13/prevalence_0.1,prevalence,ciciomt2024,Z1,13,closr,tpr_at_1_fpr,0.0
rq3,baselines,prevalence/ciciomt2024/Z1/seed_13/prevalence_0.1,prevalence,ciciomt2024,Z1,13,closr,tpr_at_5_fpr,0.0
rq3,baselines,prevalence/ciciomt2024/Z1/seed_13/prevalence_0.1,prevalence,ciciomt2024,Z1,13,closr,unknown_auroc,0.7255095332018409
rq3,baselines,prevalence/ciciomt2024/Z1/seed_13/prevalence_0.1,prevalence,ciciomt2024,Z1,13,closr,unknown_f1,0.0
rq3,baselines,prevalence/ciciomt2024/Z1/seed_13/prevalence_0.1,prevalence,ciciomt2024,Z1,13,closr,unknown_precision,0.0
rq3,baselines,prevalence/ciciomt2024/Z1/seed_13/prevalence_0.1,prevalence,ciciomt2024,Z1,13,closr,unknown_recall,0.0
rq3,baselines,prevalence/ciciomt2024/Z1/seed_13/prevalence_0.25,prevalence,ciciomt2024,Z1,13,closr,aupr_out,0.34509036698536666
rq3,baselines,prevalence/ciciomt2024/Z1/seed_13/prevalence_0.25,prevalence,ciciomt2024,Z1,13,closr,far,0.0
rq3,baselines,prevalence/ciciomt2024/Z1/seed_13/prevalence_0.25,prevalence,ciciomt2024,Z1,13,closr,fpr95,0.2948717948717949
rq3,baselines,prevalence/ciciomt2024/Z1/seed_13/prevalence_0.25,prevalence,ciciomt2024,Z1,13,closr,frr,1.0
rq3,baselines,prevalence/ciciomt2024/Z1/seed_13/prevalence_0.25,prevalence,ciciomt2024,Z1,13,closr,known_accuracy,0.46153846153846156
rq3,baselines,prevalence/ciciomt2024/Z1/seed_13/prevalence_0.25,prevalence,ciciomt2024,Z1,13,closr,known_macro_f1,0.45496282469966687
rq3,baselines,prevalence/ciciomt2024/Z1/seed_13/prevalence_0.25,prevalence,ciciomt2024,Z1,13,closr,known_weighted_f1,0.4485447076540194
rq3,baselines,prevalence/ciciomt2024/Z1/seed_13/prevalence_0.25,prevalence,ciciomt2024,Z1,13,closr,open_world_macro_f1,0.3821452324222407
rq3,baselines,prevalence/ciciomt2024/Z1/seed_13/prevalence_0.25,prevalence,ciciomt2024,Z1,13,closr,oscr,0.2761341222879684
rq3,baselines,prevalence/ciciomt2024/Z1/seed_13/prevalence_0.25,prevalence,ciciomt2024,Z1,13,closr,realized_prevalence,0.25
rq3,baselines,prevalence/ciciomt2024/Z1/seed_13/prevalence_0.25,prevalence,ciciomt2024,Z1,13,closr,requested_prevalence,0.25
rq3,baselines,prevalence/ciciomt2024/Z1/seed_13/prevalence_0.25,prevalence,ciciomt2024,Z1,13,closr,sampled_known,78.0
rq3,baselines,prevalence/ciciomt2024/Z1/seed_13/prevalence_0.25,prevalence,ciciomt2024,Z1,13,closr,sampled_unknown,26.0
rq3,baselines,prevalence/ciciomt2024/Z1/seed_13/prevalence_0.25,prevalence,ciciomt2024,Z1,13,closr,tpr_at_0_1_fpr,0.0
rq3,baselines,prevalence/ciciomt2024/Z1/seed_13/prevalence_0.25,prevalence,ciciomt2024,Z1,13,closr,tpr_at_1_fpr,0.0
rq3,baselines,prevalence/ciciomt2024/Z1/seed_13/prevalence_0.25,prevalence,ciciomt2024,Z1,13,closr,tpr_at_5_fpr,0.0
rq3,baselines,prevalence/ciciomt2024/Z1/seed_13/prevalence_0.25,prevalence,ciciomt2024,Z1,13,closr,unknown_auroc,0.7120315581854043
rq3,baselines,prevalence/ciciomt2024/Z1/seed_13/prevalence_0.25,prevalence,ciciomt2024,Z1,13,closr,unknown_f1,0.0
rq3,baselines,prevalence/ciciomt2024/Z1/seed_13/prevalence_0.25,prevalence,ciciomt2024,Z1,13,closr,unknown_precision,0.0
rq3,baselines,prevalence/ciciomt2024/Z1/seed_13/prevalence_0.25,prevalence,ciciomt2024,Z1,13,closr,unknown_recall,0.0
rq3,baselines,prevalence/ciciomt2024/Z1/seed_13/prevalence_0.5,prevalence,ciciomt2024,Z1,13,closr,aupr_out,0.7544245618168779
rq3,baselines,prevalence/ciciomt2024/Z1/seed_13/prevalence_0.5,prevalence,ciciomt2024,Z1,13,closr,far,0.0
rq3,baselines,prevalence/ciciomt2024/Z1/seed_13/prevalence_0.5,prevalence,ciciomt2024,Z1,13,closr,fpr95,0.11538461538461539
rq3,baselines,prevalence/ciciomt2024/Z1/seed_13/prevalence_0.5,prevalence,ciciomt2024,Z1,13,closr,frr,1.0
rq3,baselines,prevalence/ciciomt2024/Z1/seed_13/prevalence_0.5,prevalence,ciciomt2024,Z1,13,closr,known_accuracy,0.38461538461538464
rq3,baselines,prevalence/ciciomt2024/Z1/seed_13/prevalence_0.5,prevalence,ciciomt2024,Z1,13,closr,known_macro_f1,0.32187499999999997
rq3,baselines,prevalence/ciciomt2024/Z1/seed_13/prevalence_0.5,prevalence,ciciomt2024,Z1,13,closr,known_weighted_f1,0.34230769230769226
rq3,baselines,prevalence/ciciomt2024/Z1/seed_13/prevalence_0.5,prevalence,ciciomt2024,Z1,13,closr,open_world_macro_f1,0.2861111111111111
rq3,baselines,prevalence/ciciomt2024/Z1/seed_13/prevalence_0.5,prevalence,ciciomt2024,Z1,13,closr,oscr,0.3076923076923077
rq3,baselines,prevalence/ciciomt2024/Z1/seed_13/prevalence_0.5,prevalence,ciciomt2024,Z1,13,closr,realized_prevalence,0.5
rq3,baselines,prevalence/ciciomt2024/Z1/seed_13/prevalence_0.5,prevalence,ciciomt2024,Z1,13,closr,requested_prevalence,0.5
rq3,baselines,prevalence/ciciomt2024/Z1/seed_13/prevalence_0.5,prevalence,ciciomt2024,Z1,13,closr,sampled_known,26.0
rq3,baselines,prevalence/ciciomt2024/Z1/seed_13/prevalence_0.5,prevalence,ciciomt2024,Z1,13,closr,sampled_unknown,26.0
rq3,baselines,prevalence/ciciomt2024/Z1/seed_13/prevalence_0.5,prevalence,ciciomt2024,Z1,13,closr,tpr_at_0_1_fpr,0.0
rq3,baselines,prevalence/ciciomt2024/Z1/seed_13/prevalence_0.5,prevalence,ciciomt2024,Z1,13,closr,tpr_at_1_fpr,0.0
rq3,baselines,prevalence/ciciomt2024/Z1/seed_13/prevalence_0.5,prevalence,ciciomt2024,Z1,13,closr,tpr_at_5_fpr,0.0
rq3,baselines,prevalence/ciciomt2024/Z1/seed_13/prevalence_0.5,prevalence,ciciomt2024,Z1,13,closr,unknown_auroc,0.8846153846153846
rq3,baselines,prevalence/ciciomt2024/Z1/seed_13/prevalence_0.5,prevalence,ciciomt2024,Z1,13,closr,unknown_f1,0.0
rq3,baselines,prevalence/ciciomt2024/Z1/seed_13/prevalence_0.5,prevalence,ciciomt2024,Z1,13,closr,unknown_precision,0.0
rq3,baselines,prevalence/ciciomt2024/Z1/seed_13/prevalence_0.5,prevalence,ciciomt2024,Z1,13,closr,unknown_recall,0.0
rq3,baselines,prevalence/ciciomt2024/Z1/seed_13,prevalence,ciciomt2024,Z1,13,efc,aupr_out,0.13057117803580065
rq3,baselines,prevalence/ciciomt2024/Z1/seed_13,prevalence,ciciomt2024,Z1,13,efc,far,0.002109704641350211
rq3,baselines,prevalence/ciciomt2024/Z1/seed_13,prevalence,ciciomt2024,Z1,13,efc,fpr95,0.350210970464135
rq3,baselines,prevalence/ciciomt2024/Z1/seed_13,prevalence,ciciomt2024,Z1,13,efc,frr,1.0
rq3,baselines,prevalence/ciciomt2024/Z1/seed_13,prevalence,ciciomt2024,Z1,13,efc,known_accuracy,0.6666666666666666
rq3,baselines,prevalence/ciciomt2024/Z1/seed_13,prevalence,ciciomt2024,Z1,13,efc,known_macro_f1,0.6081254958987306
rq3,baselines,prevalence/ciciomt2024/Z1/seed_13,prevalence,ciciomt2024,Z1,13,efc,known_weighted_f1,0.6066320139158264
rq3,baselines,prevalence/ciciomt2024/Z1/seed_13,prevalence,ciciomt2024,Z1,13,efc,latency_ms_per_flow,16.866254599997774
rq3,baselines,prevalence/ciciomt2024/Z1/seed_13,prevalence,ciciomt2024,Z1,13,efc,open_world_macro_f1,0.5590191795478535
rq3,baselines,prevalence/ciciomt2024/Z1/seed_13,prevalence,ciciomt2024,Z1,13,efc,oscr,0.5417883803959753
rq3,baselines,prevalence/ciciomt2024/Z1/seed_13,prevalence,ciciomt2024,Z1,13,efc,parameters,0.0
rq3,baselines,prevalence/ciciomt2024/Z1/seed_13,prevalence,ciciomt2024,Z1,13,efc,throughput_fps,59.289986052987246
rq3,baselines,prevalence/ciciomt2024/Z1/seed_13,prevalence,ciciomt2024,Z1,13,efc,tpr_at_0_1_fpr,0.0
rq3,baselines,prevalence/ciciomt2024/Z1/seed_13,prevalence,ciciomt2024,Z1,13,efc,tpr_at_1_fpr,0.0
rq3,baselines,prevalence/ciciomt2024/Z1/seed_13,prevalence,ciciomt2024,Z1,13,efc,tpr_at_5_fpr,0.0
rq3,baselines,prevalence/ciciomt2024/Z1/seed_13,prevalence,ciciomt2024,Z1,13,efc,unknown_auroc,0.6547387211944173
rq3,baselines,prevalence/ciciomt2024/Z1/seed_13,prevalence,ciciomt2024,Z1,13,efc,unknown_f1,0.0
rq3,baselines,prevalence/ciciomt2024/Z1/seed_13,prevalence,ciciomt2024,Z1,13,efc,unknown_precision,0.0
rq3,baselines,prevalence/ciciomt2024/Z1/seed_13,prevalence,ciciomt2024,Z1,13,efc,unknown_recall,0.0
rq3,baselines,prevalence/ciciomt2024/Z1/seed_13/prevalence_0.001,prevalence,ciciomt2024,Z1,13,efc,aupr_out,0.005988023952095809
rq3,baselines,prevalence/ciciomt2024/Z1/seed_13/prevalence_0.001,prevalence,ciciomt2024,Z1,13,efc,far,0.002109704641350211
rq3,baselines,prevalence/ciciomt2024/Z1/seed_13/prevalence_0.001,prevalence,ciciomt2024,Z1,13,efc,fpr95,0.350210970464135
rq3,baselines,prevalence/ciciomt2024/Z1/seed_13/prevalence_0.001,prevalence,ciciomt2024,Z1,13,efc,frr,1.0
rq3,baselines,prevalence/ciciomt2024/Z1/seed_13/prevalence_0.001,prevalence,ciciomt2024,Z1,13,efc,known_accuracy,0.6666666666666666
rq3,baselines,prevalence/ciciomt2024/Z1/seed_13/prevalence_0.001,prevalence,ciciomt2024,Z1,13,efc,known_macro_f1,0.6081254958987306
rq3,baselines,prevalence/ciciomt2024/Z1/seed_13/prevalence_0.001,prevalence,ciciomt2024,Z1,13,efc,known_weighted_f1,0.6066320139158264
rq3,baselines,prevalence/ciciomt2024/Z1/seed_13/prevalence_0.001,prevalence,ciciomt2024,Z1,13,efc,open_world_macro_f1,0.5755699905375921
rq3,baselines,prevalence/ciciomt2024/Z1/seed_13/prevalence_0.001,prevalence,ciciomt2024,Z1,13,efc,oscr,0.540084388185654
rq3,baselines,prevalence/ciciomt2024/Z1/seed_13/prevalence_0.001,prevalence,ciciomt2024,Z1,13,efc,realized_prevalence,0.002105263157894737
rq3,baselines,prevalence/ciciomt2024/Z1/seed_13/prevalence_0.001,prevalence,ciciomt2024,Z1,13,efc,requested_prevalence,0.001
rq3,baselines,prevalence/ciciomt2024/Z1/seed_13/prevalence_0.001,prevalence,ciciomt2024,Z1,13,efc,sampled_known,474.0
rq3,baselines,prevalence/ciciomt2024/Z1/seed_13/prevalence_0.001,prevalence,ciciomt2024,Z1,13,efc,sampled_unknown,1.0
rq3,baselines,prevalence/ciciomt2024/Z1/seed_13/prevalence_0.001,prevalence,ciciomt2024,Z1,13,efc,tpr_at_0_1_fpr,0.0
rq3,baselines,prevalence/ciciomt2024/Z1/seed_13/prevalence_0.001,prevalence,ciciomt2024,Z1,13,efc,tpr_at_1_fpr,0.0
rq3,baselines,prevalence/ciciomt2024/Z1/seed_13/prevalence_0.001,prevalence,ciciomt2024,Z1,13,efc,tpr_at_5_fpr,0.0
rq3,baselines,prevalence/ciciomt2024/Z1/seed_13/prevalence_0.001,prevalence,ciciomt2024,Z1,13,efc,unknown_auroc,0.649789029535865
rq3,baselines,prevalence/ciciomt2024/Z1/seed_13/prevalence_0.001,prevalence,ciciomt2024,Z1,13,efc,unknown_f1,0.0
rq3,baselines,prevalence/ciciomt2024/Z1/seed_13/prevalence_0.001,prevalence,ciciomt2024,Z1,13,efc,unknown_precision,0.0
rq3,baselines,prevalence/ciciomt2024/Z1/seed_13/prevalence_0.001,prevalence,ciciomt2024,Z1,13,efc,unknown_recall,0.0
rq3,baselines,prevalence/ciciomt2024/Z1/seed_13/prevalence_0.01,prevalence,ciciomt2024,Z1,13,efc,aupr_out,0.029239766081871343
rq3,baselines,prevalence/ciciomt2024/Z1/seed_13/prevalence_0.01,prevalence,ciciomt2024,Z1,13,efc,far,0.002109704641350211
rq3,baselines,prevalence/ciciomt2024/Z1/seed_13/prevalence_0.01,prevalence,ciciomt2024,Z1,13,efc,fpr95,0.350210970464135
rq3,baselines,prevalence/ciciomt2024/Z1/seed_13/prevalence_0.01,prevalence,ciciomt2024,Z1,13,efc,frr,1.0
rq3,baselines,prevalence/ciciomt2024/Z1/seed_13/prevalence_0.01,prevalence,ciciomt2024,Z1,13,efc,known_accuracy,0.6666666666666666
rq3,baselines,prevalence/ciciomt2024/Z1/seed_13/prevalence_0.01,prevalence,ciciomt2024,Z1,13,efc,known_macro_f1,0.6081254958987306
rq3,baselines,prevalence/ciciomt2024/Z1/seed_13/prevalence_0.01,prevalence,ciciomt2024,Z1,13,efc,known_weighted_f1,0.6066320139158264
rq3,baselines,prevalence/ciciomt2024/Z1/seed_13/prevalence_0.01,prevalence,ciciomt2024,Z1,13,efc,open_world_macro_f1,0.5719462340261545
rq3,baselines,prevalence/ciciomt2024/Z1/seed_13/prevalence_0.01,prevalence,ciciomt2024,Z1,13,efc,oscr,0.540084388185654
rq3,baselines,prevalence/ciciomt2024/Z1/seed_13/prevalence_0.01,prevalence,ciciomt2024,Z1,13,efc,realized_prevalence,0.010438413361169102
rq3,baselines,prevalence/ciciomt2024/Z1/seed_13/prevalence_0.01,prevalence,ciciomt2024,Z1,13,efc,requested_prevalence,0.01
rq3,baselines,prevalence/ciciomt2024/Z1/seed_13/prevalence_0.01,prevalence,ciciomt2024,Z1,13,efc,sampled_known,474.0
rq3,baselines,prevalence/ciciomt2024/Z1/seed_13/prevalence_0.01,prevalence,ciciomt2024,Z1,13,efc,sampled_unknown,5.0
rq3,baselines,prevalence/ciciomt2024/Z1/seed_13/prevalence_0.01,prevalence,ciciomt2024,Z1,13,efc,tpr_at_0_1_fpr,0.0
rq3,baselines,prevalence/ciciomt2024/Z1/seed_13/prevalence_0.01,prevalence,ciciomt2024,Z1,13,efc,tpr_at_1_fpr,0.0
rq3,baselines,prevalence/ciciomt2024/Z1/seed_13/prevalence_0.01,prevalence,ciciomt2024,Z1,13,efc,tpr_at_5_fpr,0.0
rq3,baselines,prevalence/ciciomt2024/Z1/seed_13/prevalence_0.01,prevalence,ciciomt2024,Z1,13,efc,unknown_auroc,0.649789029535865
rq3,baselines,prevalence/ciciomt2024/Z1/seed_13/prevalence_0.01,prevalence,ciciomt2024,Z1,13,efc,unknown_f1,0.0
rq3,baselines,prevalence/ciciomt2024/Z1/seed_13/prevalence_0.01,prevalence,ciciomt2024,Z1,13,efc,unknown_precision,0.0
rq3,baselines,prevalence/ciciomt2024/Z1/seed_13/prevalence_0.01,prevalence,ciciomt2024,Z1,13,efc,unknown_recall,0.0
rq3,baselines,prevalence/ciciomt2024/Z1/seed_13/prevalence_0.05,prevalence,ciciomt2024,Z1,13,efc,aupr_out,0.12603180875234613
rq3,baselines,prevalence/ciciomt2024/Z1/seed_13/prevalence_0.05,prevalence,ciciomt2024,Z1,13,efc,far,0.002109704641350211
rq3,baselines,prevalence/ciciomt2024/Z1/seed_13/prevalence_0.05,prevalence,ciciomt2024,Z1,13,efc,fpr95,0.350210970464135
rq3,baselines,prevalence/ciciomt2024/Z1/seed_13/prevalence_0.05,prevalence,ciciomt2024,Z1,13,efc,frr,1.0
rq3,baselines,prevalence/ciciomt2024/Z1/seed_13/prevalence_0.05,prevalence,ciciomt2024,Z1,13,efc,known_accuracy,0.6666666666666666
rq3,baselines,prevalence/ciciomt2024/Z1/seed_13/prevalence_0.05,prevalence,ciciomt2024,Z1,13,efc,known_macro_f1,0.6081254958987306
rq3,baselines,prevalence/ciciomt2024/Z1/seed_13/prevalence_0.05,prevalence,ciciomt2024,Z1,13,efc,known_weighted_f1,0.6066320139158264
rq3,baselines,prevalence/ciciomt2024/Z1/seed_13/prevalence_0.05,prevalence,ciciomt2024,Z1,13,efc,open_world_macro_f1,0.5594748642140646
rq3,baselines,prevalence/ciciomt2024/Z1/seed_13/prevalence_0.05,prevalence,ciciomt2024,Z1,13,efc,oscr,0.5418565400843881
rq3,baselines,prevalence/ciciomt2024/Z1/seed_13/prevalence_0.05,prevalence,ciciomt2024,Z1,13,efc,realized_prevalence,0.050100200400801605
rq3,baselines,prevalence/ciciomt2024/Z1/seed_13/prevalence_0.05,prevalence,ciciomt2024,Z1,13,efc,requested_prevalence,0.05
rq3,baselines,prevalence/ciciomt2024/Z1/seed_13/prevalence_0.05,prevalence,ciciomt2024,Z1,13,efc,sampled_known,474.0
rq3,baselines,prevalence/ciciomt2024/Z1/seed_13/prevalence_0.05,prevalence,ciciomt2024,Z1,13,efc,sampled_unknown,25.0
rq3,baselines,prevalence/ciciomt2024/Z1/seed_13/prevalence_0.05,prevalence,ciciomt2024,Z1,13,efc,tpr_at_0_1_fpr,0.0
rq3,baselines,prevalence/ciciomt2024/Z1/seed_13/prevalence_0.05,prevalence,ciciomt2024,Z1,13,efc,tpr_at_1_fpr,0.0
rq3,baselines,prevalence/ciciomt2024/Z1/seed_13/prevalence_0.05,prevalence,ciciomt2024,Z1,13,efc,tpr_at_5_fpr,0.0
rq3,baselines,prevalence/ciciomt2024/Z1/seed_13/prevalence_0.05,prevalence,ciciomt2024,Z1,13,efc,unknown_auroc,0.6549367088607595
rq3,baselines,prevalence/ciciomt2024/Z1/seed_13/prevalence_0.05,prevalence,ciciomt2024,Z1,13,efc,unknown_f1,0.0
rq3,baselines,prevalence/ciciomt2024/Z1/seed_13/prevalence_0.05,prevalence,ciciomt2024,Z1,13,efc,unknown_precision,0.0
rq3,baselines,prevalence/ciciomt2024/Z1/seed_13/prevalence_0.05,prevalence,ciciomt2024,Z1,13,efc,unknown_recall,0.0
rq3,baselines,prevalence/ciciomt2024/Z1/seed_13/prevalence_0.1,prevalence,ciciomt2024,Z1,13,efc,aupr_out,0.23008348757007233
rq3,baselines,prevalence/ciciomt2024/Z1/seed_13/prevalence_0.1,prevalence,ciciomt2024,Z1,13,efc,far,0.0
rq3,baselines,prevalence/ciciomt2024/Z1/seed_13/prevalence_0.1,prevalence,ciciomt2024,Z1,13,efc,fpr95,0.3547008547008547
rq3,baselines,prevalence/ciciomt2024/Z1/seed_13/prevalence_0.1,prevalence,ciciomt2024,Z1,13,efc,frr,1.0
rq3,baselines,prevalence/ciciomt2024/Z1/seed_13/prevalence_0.1,prevalence,ciciomt2024,Z1,13,efc,known_accuracy,0.6239316239316239
rq3,baselines,prevalence/ciciomt2024/Z1/seed_13/prevalence_0.1,prevalence,ciciomt2024,Z1,13,efc,known_macro_f1,0.5750331856510186
rq3,baselines,prevalence/ciciomt2024/Z1/seed_13/prevalence_0.1,prevalence,ciciomt2024,Z1,13,efc,known_weighted_f1,0.5649506616266753
rq3,baselines,prevalence/ciciomt2024/Z1/seed_13/prevalence_0.1,prevalence,ciciomt2024,Z1,13,efc,open_world_macro_f1,0.5184524916693861
rq3,baselines,prevalence/ciciomt2024/Z1/seed_13/prevalence_0.1,prevalence,ciciomt2024,Z1,13,efc,oscr,0.522682445759369
rq3,baselines,prevalence/ciciomt2024/Z1/seed_13/prevalence_0.1,prevalence,ciciomt2024,Z1,13,efc,realized_prevalence,0.1
rq3,baselines,prevalence/ciciomt2024/Z1/seed_13/prevalence_0.1,prevalence,ciciomt2024,Z1,13,efc,requested_prevalence,0.1
rq3,baselines,prevalence/ciciomt2024/Z1/seed_13/prevalence_0.1,prevalence,ciciomt2024,Z1,13,efc,sampled_known,234.0
rq3,baselines,prevalence/ciciomt2024/Z1/seed_13/prevalence_0.1,prevalence,ciciomt2024,Z1,13,efc,sampled_unknown,26.0
rq3,baselines,prevalence/ciciomt2024/Z1/seed_13/prevalence_0.1,prevalence,ciciomt2024,Z1,13,efc,tpr_at_0_1_fpr,0.0
rq3,baselines,prevalence/ciciomt2024/Z1/seed_13/prevalence_0.1,prevalence,ciciomt2024,Z1,13,efc,tpr_at_1_fpr,0.0
rq3,baselines,prevalence/ciciomt2024/Z1/seed_13/prevalence_0.1,prevalence,ciciomt2024,Z1,13,efc,tpr_at_5_fpr,0.0
rq3,baselines,prevalence/ciciomt2024/Z1/seed_13/prevalence_0.1,prevalence,ciciomt2024,Z1,13,efc,unknown_auroc,0.6503944773175542
rq3,baselines,prevalence/ciciomt2024/Z1/seed_13/prevalence_0.1,prevalence,ciciomt2024,Z1,13,efc,unknown_f1,0.0
rq3,baselines,prevalence/ciciomt2024/Z1/seed_13/prevalence_0.1,prevalence,ciciomt2024,Z1,13,efc,unknown_precision,0.0
rq3,baselines,prevalence/ciciomt2024/Z1/seed_13/prevalence_0.1,prevalence,ciciomt2024,Z1,13,efc,unknown_recall,0.0
rq3,baselines,prevalence/ciciomt2024/Z1/seed_13/prevalence_0.25,prevalence,ciciomt2024,Z1,13,efc,aupr_out,0.44026873203074574
rq3,baselines,prevalence/ciciomt2024/Z1/seed_13/prevalence_0.25,prevalence,ciciomt2024,Z1,13,efc,far,0.0
rq3,baselines,prevalence/ciciomt2024/Z1/seed_13/prevalence_0.25,prevalence,ciciomt2024,Z1,13,efc,fpr95,0.3974358974358974
rq3,baselines,prevalence/ciciomt2024/Z1/seed_13/prevalence_0.25,prevalence,ciciomt2024,Z1,13,efc,frr,1.0
rq3,baselines,prevalence/ciciomt2024/Z1/seed_13/prevalence_0.25,prevalence,ciciomt2024,Z1,13,efc,known_accuracy,0.6153846153846154
rq3,baselines,prevalence/ciciomt2024/Z1/seed_13/prevalence_0.25,prevalence,ciciomt2024,Z1,13,efc,known_macro_f1,0.5843844427177761
rq3,baselines,prevalence/ciciomt2024/Z1/seed_13/prevalence_0.25,prevalence,ciciomt2024,Z1,13,efc,known_weighted_f1,0.5573858477704631
rq3,baselines,prevalence/ciciomt2024/Z1/seed_13/prevalence_0.25,prevalence,ciciomt2024,Z1,13,efc,open_world_macro_f1,0.5047551863341336
rq3,baselines,prevalence/ciciomt2024/Z1/seed_13/prevalence_0.25,prevalence,ciciomt2024,Z1,13,efc,oscr,0.5004930966469427
rq3,baselines,prevalence/ciciomt2024/Z1/seed_13/prevalence_0.25,prevalence,ciciomt2024,Z1,13,efc,realized_prevalence,0.25
rq3,baselines,prevalence/ciciomt2024/Z1/seed_13/prevalence_0.25,prevalence,ciciomt2024,Z1,13,efc,requested_prevalence,0.25
rq3,baselines,prevalence/ciciomt2024/Z1/seed_13/prevalence_0.25,prevalence,ciciomt2024,Z1,13,efc,sampled_known,78.0
rq3,baselines,prevalence/ciciomt2024/Z1/seed_13/prevalence_0.25,prevalence,ciciomt2024,Z1,13,efc,sampled_unknown,26.0
rq3,baselines,prevalence/ciciomt2024/Z1/seed_13/prevalence_0.25,prevalence,ciciomt2024,Z1,13,efc,tpr_at_0_1_fpr,0.0
rq3,baselines,prevalence/ciciomt2024/Z1/seed_13/prevalence_0.25,prevalence,ciciomt2024,Z1,13,efc,tpr_at_1_fpr,0.0
rq3,baselines,prevalence/ciciomt2024/Z1/seed_13/prevalence_0.25,prevalence,ciciomt2024,Z1,13,efc,tpr_at_5_fpr,0.0
rq3,baselines,prevalence/ciciomt2024/Z1/seed_13/prevalence_0.25,prevalence,ciciomt2024,Z1,13,efc,unknown_auroc,0.6070019723865878
rq3,baselines,prevalence/ciciomt2024/Z1/seed_13/prevalence_0.25,prevalence,ciciomt2024,Z1,13,efc,unknown_f1,0.0
rq3,baselines,prevalence/ciciomt2024/Z1/seed_13/prevalence_0.25,prevalence,ciciomt2024,Z1,13,efc,unknown_precision,0.0
rq3,baselines,prevalence/ciciomt2024/Z1/seed_13/prevalence_0.25,prevalence,ciciomt2024,Z1,13,efc,unknown_recall,0.0
rq3,baselines,prevalence/ciciomt2024/Z1/seed_13/prevalence_0.5,prevalence,ciciomt2024,Z1,13,efc,aupr_out,0.6621682411156096
rq3,baselines,prevalence/ciciomt2024/Z1/seed_13/prevalence_0.5,prevalence,ciciomt2024,Z1,13,efc,far,0.0
rq3,baselines,prevalence/ciciomt2024/Z1/seed_13/prevalence_0.5,prevalence,ciciomt2024,Z1,13,efc,fpr95,0.46153846153846156
rq3,baselines,prevalence/ciciomt2024/Z1/seed_13/prevalence_0.5,prevalence,ciciomt2024,Z1,13,efc,frr,1.0
rq3,baselines,prevalence/ciciomt2024/Z1/seed_13/prevalence_0.5,prevalence,ciciomt2024,Z1,13,efc,known_accuracy,0.6538461538461539
rq3,baselines,prevalence/ciciomt2024/Z1/seed_13/prevalence_0.5,prevalence,ciciomt2024,Z1,13,efc,known_macro_f1,0.45777777777777773
rq3,baselines,prevalence/ciciomt2024/Z1/seed_13/prevalence_0.5,prevalence,ciciomt2024,Z1,13,efc,known_weighted_f1,0.608974358974359
rq3,baselines,prevalence/ciciomt2024/Z1/seed_13/prevalence_0.5,prevalence,ciciomt2024,Z1,13,efc,open_world_macro_f1,0.40392156862745093
rq3,baselines,prevalence/ciciomt2024/Z1/seed_13/prevalence_0.5,prevalence,ciciomt2024,Z1,13,efc,oscr,0.4245562130177515
rq3,baselines,prevalence/ciciomt2024/Z1/seed_13/prevalence_0.5,prevalence,ciciomt2024,Z1,13,efc,realized_prevalence,0.5
rq3,baselines,prevalence/ciciomt2024/Z1/seed_13/prevalence_0.5,prevalence,ciciomt2024,Z1,13,efc,requested_prevalence,0.5
rq3,baselines,prevalence/ciciomt2024/Z1/seed_13/prevalence_0.5,prevalence,ciciomt2024,Z1,13,efc,sampled_known,26.0
rq3,baselines,prevalence/ciciomt2024/Z1/seed_13/prevalence_0.5,prevalence,ciciomt2024,Z1,13,efc,sampled_unknown,26.0
rq3,baselines,prevalence/ciciomt2024/Z1/seed_13/prevalence_0.5,prevalence,ciciomt2024,Z1,13,efc,tpr_at_0_1_fpr,0.0
rq3,baselines,prevalence/ciciomt2024/Z1/seed_13/prevalence_0.5,prevalence,ciciomt2024,Z1,13,efc,tpr_at_1_fpr,0.0
rq3,baselines,prevalence/ciciomt2024/Z1/seed_13/prevalence_0.5,prevalence,ciciomt2024,Z1,13,efc,tpr_at_5_fpr,0.0
rq3,baselines,prevalence/ciciomt2024/Z1/seed_13/prevalence_0.5,prevalence,ciciomt2024,Z1,13,efc,unknown_auroc,0.5443786982248521
rq3,baselines,prevalence/ciciomt2024/Z1/seed_13/prevalence_0.5,prevalence,ciciomt2024,Z1,13,efc,unknown_f1,0.0
rq3,baselines,prevalence/ciciomt2024/Z1/seed_13/prevalence_0.5,prevalence,ciciomt2024,Z1,13,efc,unknown_precision,0.0
rq3,baselines,prevalence/ciciomt2024/Z1/seed_13/prevalence_0.5,prevalence,ciciomt2024,Z1,13,efc,unknown_recall,0.0
rq3,baselines,prevalence/ciciomt2024/Z1/seed_13,prevalence,ciciomt2024,Z1,13,renoir_dml,aupr_out,0.030608719242106557
rq3,baselines,prevalence/ciciomt2024/Z1/seed_13,prevalence,ciciomt2024,Z1,13,renoir_dml,far,0.008438818565400843
rq3,baselines,prevalence/ciciomt2024/Z1/seed_13,prevalence,ciciomt2024,Z1,13,renoir_dml,fpr95,0.9092827004219409
rq3,baselines,prevalence/ciciomt2024/Z1/seed_13,prevalence,ciciomt2024,Z1,13,renoir_dml,frr,1.0
rq3,baselines,prevalence/ciciomt2024/Z1/seed_13,prevalence,ciciomt2024,Z1,13,renoir_dml,known_accuracy,0.5358649789029536
rq3,baselines,prevalence/ciciomt2024/Z1/seed_13,prevalence,ciciomt2024,Z1,13,renoir_dml,known_macro_f1,0.5031112138925877
rq3,baselines,prevalence/ciciomt2024/Z1/seed_13,prevalence,ciciomt2024,Z1,13,renoir_dml,known_weighted_f1,0.501734790853048
rq3,baselines,prevalence/ciciomt2024/Z1/seed_13,prevalence,ciciomt2024,Z1,13,renoir_dml,latency_ms_per_flow,0.06681179998849984
rq3,baselines,prevalence/ciciomt2024/Z1/seed_13,prevalence,ciciomt2024,Z1,13,renoir_dml,open_world_macro_f1,0.4627757619564277
rq3,baselines,prevalence/ciciomt2024/Z1/seed_13,prevalence,ciciomt2024,Z1,13,renoir_dml,oscr,0.0712431028886725
rq3,baselines,prevalence/ciciomt2024/Z1/seed_13,prevalence,ciciomt2024,Z1,13,renoir_dml,parameters,58111.0
rq3,baselines,prevalence/ciciomt2024/Z1/seed_13,prevalence,ciciomt2024,Z1,13,renoir_dml,throughput_fps,14967.415938084705
rq3,baselines,prevalence/ciciomt2024/Z1/seed_13,prevalence,ciciomt2024,Z1,13,renoir_dml,tpr_at_0_1_fpr,0.0
rq3,baselines,prevalence/ciciomt2024/Z1/seed_13,prevalence,ciciomt2024,Z1,13,renoir_dml,tpr_at_1_fpr,0.0
rq3,baselines,prevalence/ciciomt2024/Z1/seed_13,prevalence,ciciomt2024,Z1,13,renoir_dml,tpr_at_5_fpr,0.0
rq3,baselines,prevalence/ciciomt2024/Z1/seed_13,prevalence,ciciomt2024,Z1,13,renoir_dml,unknown_auroc,0.12852969814995133
rq3,baselines,prevalence/ciciomt2024/Z1/seed_13,prevalence,ciciomt2024,Z1,13,renoir_dml,unknown_f1,0.0
rq3,baselines,prevalence/ciciomt2024/Z1/seed_13,prevalence,ciciomt2024,Z1,13,renoir_dml,unknown_precision,0.0
rq3,baselines,prevalence/ciciomt2024/Z1/seed_13,prevalence,ciciomt2024,Z1,13,renoir_dml,unknown_recall,0.0
rq3,baselines,prevalence/ciciomt2024/Z1/seed_13/prevalence_0.001,prevalence,ciciomt2024,Z1,13,renoir_dml,aupr_out,0.0024630541871921183
rq3,baselines,prevalence/ciciomt2024/Z1/seed_13/prevalence_0.001,prevalence,ciciomt2024,Z1,13,renoir_dml,far,0.008438818565400843
rq3,baselines,prevalence/ciciomt2024/Z1/seed_13/prevalence_0.001,prevalence,ciciomt2024,Z1,13,renoir_dml,fpr95,0.8544303797468354
rq3,baselines,prevalence/ciciomt2024/Z1/seed_13/prevalence_0.001,prevalence,ciciomt2024,Z1,13,renoir_dml,frr,1.0
rq3,baselines,prevalence/ciciomt2024/Z1/seed_13/prevalence_0.001,prevalence,ciciomt2024,Z1,13,renoir_dml,known_accuracy,0.5358649789029536
rq3,baselines,prevalence/ciciomt2024/Z1/seed_13/prevalence_0.001,prevalence,ciciomt2024,Z1,13,renoir_dml,known_macro_f1,0.5031112138925877
rq3,baselines,prevalence/ciciomt2024/Z1/seed_13/prevalence_0.001,prevalence,ciciomt2024,Z1,13,renoir_dml,known_weighted_f1,0.501734790853048
rq3,baselines,prevalence/ciciomt2024/Z1/seed_13/prevalence_0.001,prevalence,ciciomt2024,Z1,13,renoir_dml,open_world_macro_f1,0.4774144124980577
rq3,baselines,prevalence/ciciomt2024/Z1/seed_13/prevalence_0.001,prevalence,ciciomt2024,Z1,13,renoir_dml,oscr,0.09071729957805907
rq3,baselines,prevalence/ciciomt2024/Z1/seed_13/prevalence_0.001,prevalence,ciciomt2024,Z1,13,renoir_dml,realized_prevalence,0.002105263157894737
rq3,baselines,prevalence/ciciomt2024/Z1/seed_13/prevalence_0.001,prevalence,ciciomt2024,Z1,13,renoir_dml,requested_prevalence,0.001
rq3,baselines,prevalence/ciciomt2024/Z1/seed_13/prevalence_0.001,prevalence,ciciomt2024,Z1,13,renoir_dml,sampled_known,474.0
rq3,baselines,prevalence/ciciomt2024/Z1/seed_13/prevalence_0.001,prevalence,ciciomt2024,Z1,13,renoir_dml,sampled_unknown,1.0
rq3,baselines,prevalence/ciciomt2024/Z1/seed_13/prevalence_0.001,prevalence,ciciomt2024,Z1,13,renoir_dml,tpr_at_0_1_fpr,0.0
rq3,baselines,prevalence/ciciomt2024/Z1/seed_13/prevalence_0.001,prevalence,ciciomt2024,Z1,13,renoir_dml,tpr_at_1_fpr,0.0
rq3,baselines,prevalence/ciciomt2024/Z1/seed_13/prevalence_0.001,prevalence,ciciomt2024,Z1,13,renoir_dml,tpr_at_5_fpr,0.0
rq3,baselines,prevalence/ciciomt2024/Z1/seed_13/prevalence_0.001,prevalence,ciciomt2024,Z1,13,renoir_dml,unknown_auroc,0.14556962025316456
rq3,baselines,prevalence/ciciomt2024/Z1/seed_13/prevalence_0.001,prevalence,ciciomt2024,Z1,13,renoir_dml,unknown_f1,0.0
rq3,baselines,prevalence/ciciomt2024/Z1/seed_13/prevalence_0.001,prevalence,ciciomt2024,Z1,13,renoir_dml,unknown_precision,0.0
rq3,baselines,prevalence/ciciomt2024/Z1/seed_13/prevalence_0.001,prevalence,ciciomt2024,Z1,13,renoir_dml,unknown_recall,0.0
rq3,baselines,prevalence/ciciomt2024/Z1/seed_13/prevalence_0.01,prevalence,ciciomt2024,Z1,13,renoir_dml,aupr_out,0.0071560027567789284
rq3,baselines,prevalence/ciciomt2024/Z1/seed_13/prevalence_0.01,prevalence,ciciomt2024,Z1,13,renoir_dml,far,0.008438818565400843
rq3,baselines,prevalence/ciciomt2024/Z1/seed_13/prevalence_0.01,prevalence,ciciomt2024,Z1,13,renoir_dml,fpr95,0.8860759493670886
rq3,baselines,prevalence/ciciomt2024/Z1/seed_13/prevalence_0.01,prevalence,ciciomt2024,Z1,13,renoir_dml,frr,1.0
rq3,baselines,prevalence/ciciomt2024/Z1/seed_13/prevalence_0.01,prevalence,ciciomt2024,Z1,13,renoir_dml,known_accuracy,0.5358649789029536
rq3,baselines,prevalence/ciciomt2024/Z1/seed_13/prevalence_0.01,prevalence,ciciomt2024,Z1,13,renoir_dml,known_macro_f1,0.5031112138925877
rq3,baselines,prevalence/ciciomt2024/Z1/seed_13/prevalence_0.01,prevalence,ciciomt2024,Z1,13,renoir_dml,known_weighted_f1,0.501734790853048
rq3,baselines,prevalence/ciciomt2024/Z1/seed_13/prevalence_0.01,prevalence,ciciomt2024,Z1,13,renoir_dml,open_world_macro_f1,0.47426590274221864
rq3,baselines,prevalence/ciciomt2024/Z1/seed_13/prevalence_0.01,prevalence,ciciomt2024,Z1,13,renoir_dml,oscr,0.07383966244725738
rq3,baselines,prevalence/ciciomt2024/Z1/seed_13/prevalence_0.01,prevalence,ciciomt2024,Z1,13,renoir_dml,realized_prevalence,0.010438413361169102
rq3,baselines,prevalence/ciciomt2024/Z1/seed_13/prevalence_0.01,prevalence,ciciomt2024,Z1,13,renoir_dml,requested_prevalence,0.01
rq3,baselines,prevalence/ciciomt2024/Z1/seed_13/prevalence_0.01,prevalence,ciciomt2024,Z1,13,renoir_dml,sampled_known,474.0
rq3,baselines,prevalence/ciciomt2024/Z1/seed_13/prevalence_0.01,prevalence,ciciomt2024,Z1,13,renoir_dml,sampled_unknown,5.0
rq3,baselines,prevalence/ciciomt2024/Z1/seed_13/prevalence_0.01,prevalence,ciciomt2024,Z1,13,renoir_dml,tpr_at_0_1_fpr,0.0
rq3,baselines,prevalence/ciciomt2024/Z1/seed_13/prevalence_0.01,prevalence,ciciomt2024,Z1,13,renoir_dml,tpr_at_1_fpr,0.0
rq3,baselines,prevalence/ciciomt2024/Z1/seed_13/prevalence_0.01,prevalence,ciciomt2024,Z1,13,renoir_dml,tpr_at_5_fpr,0.0
rq3,baselines,prevalence/ciciomt2024/Z1/seed_13/prevalence_0.01,prevalence,ciciomt2024,Z1,13,renoir_dml,unknown_auroc,0.1286919831223629
rq3,baselines,prevalence/ciciomt2024/Z1/seed_13/prevalence_0.01,prevalence,ciciomt2024,Z1,13,renoir_dml,unknown_f1,0.0
rq3,baselines,prevalence/ciciomt2024/Z1/seed_13/prevalence_0.01,prevalence,ciciomt2024,Z1,13,renoir_dml,unknown_precision,0.0
rq3,baselines,prevalence/ciciomt2024/Z1/seed_13/prevalence_0.01,prevalence,ciciomt2024,Z1,13,renoir_dml,unknown_recall,0.0
rq3,baselines,prevalence/ciciomt2024/Z1/seed_13/prevalence_0.05,prevalence,ciciomt2024,Z1,13,renoir_dml,aupr_out,0.029523272906271283
rq3,baselines,prevalence/ciciomt2024/Z1/seed_13/prevalence_0.05,prevalence,ciciomt2024,Z1,13,renoir_dml,far,0.008438818565400843
rq3,baselines,prevalence/ciciomt2024/Z1/seed_13/prevalence_0.05,prevalence,ciciomt2024,Z1,13,renoir_dml,fpr95,0.9092827004219409
rq3,baselines,prevalence/ciciomt2024/Z1/seed_13/prevalence_0.05,prevalence,ciciomt2024,Z1,13,renoir_dml,frr,1.0
rq3,baselines,prevalence/ciciomt2024/Z1/seed_13/prevalence_0.05,prevalence,ciciomt2024,Z1,13,renoir_dml,known_accuracy,0.5358649789029536
rq3,baselines,prevalence/ciciomt2024/Z1/seed_13/prevalence_0.05,prevalence,ciciomt2024,Z1,13,renoir_dml,known_macro_f1,0.5031112138925877
rq3,baselines,prevalence/ciciomt2024/Z1/seed_13/prevalence_0.05,prevalence,ciciomt2024,Z1,13,renoir_dml,known_weighted_f1,0.501734790853048
rq3,baselines,prevalence/ciciomt2024/Z1/seed_13/prevalence_0.05,prevalence,ciciomt2024,Z1,13,renoir_dml,open_world_macro_f1,0.46318781286056243
rq3,baselines,prevalence/ciciomt2024/Z1/seed_13/prevalence_0.05,prevalence,ciciomt2024,Z1,13,renoir_dml,oscr,0.07172995780590717
rq3,baselines,prevalence/ciciomt2024/Z1/seed_13/prevalence_0.05,prevalence,ciciomt2024,Z1,13,renoir_dml,realized_prevalence,0.050100200400801605
rq3,baselines,prevalence/ciciomt2024/Z1/seed_13/prevalence_0.05,prevalence,ciciomt2024,Z1,13,renoir_dml,requested_prevalence,0.05
rq3,baselines,prevalence/ciciomt2024/Z1/seed_13/prevalence_0.05,prevalence,ciciomt2024,Z1,13,renoir_dml,sampled_known,474.0
rq3,baselines,prevalence/ciciomt2024/Z1/seed_13/prevalence_0.05,prevalence,ciciomt2024,Z1,13,renoir_dml,sampled_unknown,25.0
rq3,baselines,prevalence/ciciomt2024/Z1/seed_13/prevalence_0.05,prevalence,ciciomt2024,Z1,13,renoir_dml,tpr_at_0_1_fpr,0.0
rq3,baselines,prevalence/ciciomt2024/Z1/seed_13/prevalence_0.05,prevalence,ciciomt2024,Z1,13,renoir_dml,tpr_at_1_fpr,0.0
rq3,baselines,prevalence/ciciomt2024/Z1/seed_13/prevalence_0.05,prevalence,ciciomt2024,Z1,13,renoir_dml,tpr_at_5_fpr,0.0
rq3,baselines,prevalence/ciciomt2024/Z1/seed_13/prevalence_0.05,prevalence,ciciomt2024,Z1,13,renoir_dml,unknown_auroc,0.12911392405063293
rq3,baselines,prevalence/ciciomt2024/Z1/seed_13/prevalence_0.05,prevalence,ciciomt2024,Z1,13,renoir_dml,unknown_f1,0.0
rq3,baselines,prevalence/ciciomt2024/Z1/seed_13/prevalence_0.05,prevalence,ciciomt2024,Z1,13,renoir_dml,unknown_precision,0.0
rq3,baselines,prevalence/ciciomt2024/Z1/seed_13/prevalence_0.05,prevalence,ciciomt2024,Z1,13,renoir_dml,unknown_recall,0.0
rq3,baselines,prevalence/ciciomt2024/Z1/seed_13/prevalence_0.1,prevalence,ciciomt2024,Z1,13,renoir_dml,aupr_out,0.05953189729329782
rq3,baselines,prevalence/ciciomt2024/Z1/seed_13/prevalence_0.1,prevalence,ciciomt2024,Z1,13,renoir_dml,far,0.004273504273504274
rq3,baselines,prevalence/ciciomt2024/Z1/seed_13/prevalence_0.1,prevalence,ciciomt2024,Z1,13,renoir_dml,fpr95,0.9102564102564102
rq3,baselines,prevalence/ciciomt2024/Z1/seed_13/prevalence_0.1,prevalence,ciciomt2024,Z1,13,renoir_dml,frr,1.0
rq3,baselines,prevalence/ciciomt2024/Z1/seed_13/prevalence_0.1,prevalence,ciciomt2024,Z1,13,renoir_dml,known_accuracy,0.5042735042735043
rq3,baselines,prevalence/ciciomt2024/Z1/seed_13/prevalence_0.1,prevalence,ciciomt2024,Z1,13,renoir_dml,known_macro_f1,0.4789906038217678
rq3,baselines,prevalence/ciciomt2024/Z1/seed_13/prevalence_0.1,prevalence,ciciomt2024,Z1,13,renoir_dml,known_weighted_f1,0.4639114271975996
rq3,baselines,prevalence/ciciomt2024/Z1/seed_13/prevalence_0.1,prevalence,ciciomt2024,Z1,13,renoir_dml,open_world_macro_f1,0.42947076074080076
rq3,baselines,prevalence/ciciomt2024/Z1/seed_13/prevalence_0.1,prevalence,ciciomt2024,Z1,13,renoir_dml,oscr,0.06788297172912557
rq3,baselines,prevalence/ciciomt2024/Z1/seed_13/prevalence_0.1,prevalence,ciciomt2024,Z1,13,renoir_dml,realized_prevalence,0.1
rq3,baselines,prevalence/ciciomt2024/Z1/seed_13/prevalence_0.1,prevalence,ciciomt2024,Z1,13,renoir_dml,requested_prevalence,0.1
rq3,baselines,prevalence/ciciomt2024/Z1/seed_13/prevalence_0.1,prevalence,ciciomt2024,Z1,13,renoir_dml,sampled_known,234.0
rq3,baselines,prevalence/ciciomt2024/Z1/seed_13/prevalence_0.1,prevalence,ciciomt2024,Z1,13,renoir_dml,sampled_unknown,26.0
rq3,baselines,prevalence/ciciomt2024/Z1/seed_13/prevalence_0.1,prevalence,ciciomt2024,Z1,13,renoir_dml,tpr_at_0_1_fpr,0.0
rq3,baselines,prevalence/ciciomt2024/Z1/seed_13/prevalence_0.1,prevalence,ciciomt2024,Z1,13,renoir_dml,tpr_at_1_fpr,0.0
rq3,baselines,prevalence/ciciomt2024/Z1/seed_13/prevalence_0.1,prevalence,ciciomt2024,Z1,13,renoir_dml,tpr_at_5_fpr,0.0
rq3,baselines,prevalence/ciciomt2024/Z1/seed_13/prevalence_0.1,prevalence,ciciomt2024,Z1,13,renoir_dml,unknown_auroc,0.12787639710716633
rq3,baselines,prevalence/ciciomt2024/Z1/seed_13/prevalence_0.1,prevalence,ciciomt2024,Z1,13,renoir_dml,unknown_f1,0.0
rq3,baselines,prevalence/ciciomt2024/Z1/seed_13/prevalence_0.1,prevalence,ciciomt2024,Z1,13,renoir_dml,unknown_precision,0.0
rq3,baselines,prevalence/ciciomt2024/Z1/seed_13/prevalence_0.1,prevalence,ciciomt2024,Z1,13,renoir_dml,unknown_recall,0.0
rq3,baselines,prevalence/ciciomt2024/Z1/seed_13/prevalence_0.25,prevalence,ciciomt2024,Z1,13,renoir_dml,aupr_out,0.1531537424854213
rq3,baselines,prevalence/ciciomt2024/Z1/seed_13/prevalence_0.25,prevalence,ciciomt2024,Z1,13,renoir_dml,far,0.0
rq3,baselines,prevalence/ciciomt2024/Z1/seed_13/prevalence_0.25,prevalence,ciciomt2024,Z1,13,renoir_dml,fpr95,0.9102564102564102
rq3,baselines,prevalence/ciciomt2024/Z1/seed_13/prevalence_0.25,prevalence,ciciomt2024,Z1,13,renoir_dml,frr,1.0
rq3,baselines,prevalence/ciciomt2024/Z1/seed_13/prevalence_0.25,prevalence,ciciomt2024,Z1,13,renoir_dml,known_accuracy,0.48717948717948717
rq3,baselines,prevalence/ciciomt2024/Z1/seed_13/prevalence_0.25,prevalence,ciciomt2024,Z1,13,renoir_dml,known_macro_f1,0.5012435095768429
rq3,baselines,prevalence/ciciomt2024/Z1/seed_13/prevalence_0.25,prevalence,ciciomt2024,Z1,13,renoir_dml,known_weighted_f1,0.4618316156777695
rq3,baselines,prevalence/ciciomt2024/Z1/seed_13/prevalence_0.25,prevalence,ciciomt2024,Z1,13,renoir_dml,open_world_macro_f1,0.4259900917795654
rq3,baselines,prevalence/ciciomt2024/Z1/seed_13/prevalence_0.25,prevalence,ciciomt2024,Z1,13,renoir_dml,oscr,0.036982248520710054
rq3,baselines,prevalence/ciciomt2024/Z1/seed_13/prevalence_0.25,prevalence,ciciomt2024,Z1,13,renoir_dml,realized_prevalence,0.25
rq3,baselines,prevalence/ciciomt2024/Z1/seed_13/prevalence_0.25,prevalence,ciciomt2024,Z1,13,renoir_dml,requested_prevalence,0.25
rq3,baselines,prevalence/ciciomt2024/Z1/seed_13/prevalence_0.25,prevalence,ciciomt2024,Z1,13,renoir_dml,sampled_known,78.0
rq3,baselines,prevalence/ciciomt2024/Z1/seed_13/prevalence_0.25,prevalence,ciciomt2024,Z1,13,renoir_dml,sampled_unknown,26.0
rq3,baselines,prevalence/ciciomt2024/Z1/seed_13/prevalence_0.25,prevalence,ciciomt2024,Z1,13,renoir_dml,tpr_at_0_1_fpr,0.0
rq3,baselines,prevalence/ciciomt2024/Z1/seed_13/prevalence_0.25,prevalence,ciciomt2024,Z1,13,renoir_dml,tpr_at_1_fpr,0.0
rq3,baselines,prevalence/ciciomt2024/Z1/seed_13/prevalence_0.25,prevalence,ciciomt2024,Z1,13,renoir_dml,tpr_at_5_fpr,0.0
rq3,baselines,prevalence/ciciomt2024/Z1/seed_13/prevalence_0.25,prevalence,ciciomt2024,Z1,13,renoir_dml,unknown_auroc,0.10404339250493097
rq3,baselines,prevalence/ciciomt2024/Z1/seed_13/prevalence_0.25,prevalence,ciciomt2024,Z1,13,renoir_dml,unknown_f1,0.0
rq3,baselines,prevalence/ciciomt2024/Z1/seed_13/prevalence_0.25,prevalence,ciciomt2024,Z1,13,renoir_dml,unknown_precision,0.0
rq3,baselines,prevalence/ciciomt2024/Z1/seed_13/prevalence_0.25,prevalence,ciciomt2024,Z1,13,renoir_dml,unknown_recall,0.0
rq3,baselines,prevalence/ciciomt2024/Z1/seed_13/prevalence_0.5,prevalence,ciciomt2024,Z1,13,renoir_dml,aupr_out,0.34905628819947565
rq3,baselines,prevalence/ciciomt2024/Z1/seed_13/prevalence_0.5,prevalence,ciciomt2024,Z1,13,renoir_dml,far,0.0
rq3,baselines,prevalence/ciciomt2024/Z1/seed_13/prevalence_0.5,prevalence,ciciomt2024,Z1,13,renoir_dml,fpr95,0.8461538461538461
rq3,baselines,prevalence/ciciomt2024/Z1/seed_13/prevalence_0.5,prevalence,ciciomt2024,Z1,13,renoir_dml,frr,1.0
rq3,baselines,prevalence/ciciomt2024/Z1/seed_13/prevalence_0.5,prevalence,ciciomt2024,Z1,13,renoir_dml,known_accuracy,0.5
rq3,baselines,prevalence/ciciomt2024/Z1/seed_13/prevalence_0.5,prevalence,ciciomt2024,Z1,13,renoir_dml,known_macro_f1,0.4247619047619048
rq3,baselines,prevalence/ciciomt2024/Z1/seed_13/prevalence_0.5,prevalence,ciciomt2024,Z1,13,renoir_dml,known_weighted_f1,0.45641025641025634
rq3,baselines,prevalence/ciciomt2024/Z1/seed_13/prevalence_0.5,prevalence,ciciomt2024,Z1,13,renoir_dml,open_world_macro_f1,0.37478991596638656
rq3,baselines,prevalence/ciciomt2024/Z1/seed_13/prevalence_0.5,prevalence,ciciomt2024,Z1,13,renoir_dml,oscr,0.042899408284023666
rq3,baselines,prevalence/ciciomt2024/Z1/seed_13/prevalence_0.5,prevalence,ciciomt2024,Z1,13,renoir_dml,realized_prevalence,0.5
rq3,baselines,prevalence/ciciomt2024/Z1/seed_13/prevalence_0.5,prevalence,ciciomt2024,Z1,13,renoir_dml,requested_prevalence,0.5
rq3,baselines,prevalence/ciciomt2024/Z1/seed_13/prevalence_0.5,prevalence,ciciomt2024,Z1,13,renoir_dml,sampled_known,26.0
rq3,baselines,prevalence/ciciomt2024/Z1/seed_13/prevalence_0.5,prevalence,ciciomt2024,Z1,13,renoir_dml,sampled_unknown,26.0
rq3,baselines,prevalence/ciciomt2024/Z1/seed_13/prevalence_0.5,prevalence,ciciomt2024,Z1,13,renoir_dml,tpr_at_0_1_fpr,0.0
rq3,baselines,prevalence/ciciomt2024/Z1/seed_13/prevalence_0.5,prevalence,ciciomt2024,Z1,13,renoir_dml,tpr_at_1_fpr,0.0
rq3,baselines,prevalence/ciciomt2024/Z1/seed_13/prevalence_0.5,prevalence,ciciomt2024,Z1,13,renoir_dml,tpr_at_5_fpr,0.0
rq3,baselines,prevalence/ciciomt2024/Z1/seed_13/prevalence_0.5,prevalence,ciciomt2024,Z1,13,renoir_dml,unknown_auroc,0.15532544378698226
rq3,baselines,prevalence/ciciomt2024/Z1/seed_13/prevalence_0.5,prevalence,ciciomt2024,Z1,13,renoir_dml,unknown_f1,0.0
rq3,baselines,prevalence/ciciomt2024/Z1/seed_13/prevalence_0.5,prevalence,ciciomt2024,Z1,13,renoir_dml,unknown_precision,0.0
rq3,baselines,prevalence/ciciomt2024/Z1/seed_13/prevalence_0.5,prevalence,ciciomt2024,Z1,13,renoir_dml,unknown_recall,0.0
